Node1,Via_Node,Node2,Score
GABRA2,DOID:1574,COMT,1.0
RP11-169F17.1,hsa-mir-34c-5p,LOC100129550,1.0
RP11-169F17.1,hsa-mir-34c-5p,LOC100129550,1.0
AQP2,ICD10:E2,KCNJ5,0.9999
hsa-miR-548o-3p,GAS5,miR-135a,0.9996
MYB,DOID:0060083,CD33,0.9992
NONHSAG055368,hsa-miR-33b-3p,NONHSAG009074,0.9991
neutrophilia,hsa-miR-223,primary myelofibrosis,0.9988
neutrophilia,hsa-miR-223,primary myelofibrosis,0.9988
neutrophilia,hsa-miR-223,primary myelofibrosis,0.9988
DOID:0110736,PLA2G6,DOID:14330,0.9985
LECT2,ICD10:E88,CNR1,0.9877
NCOR2,ICD10:C64,DGCR8,0.9876
PAN3-AS1,hsa-miR-499a-3p,NONHSAG053782,0.9853
PAN3-AS1,hsa-miR-499a-3p,NONHSAG053782,0.9853
NONHSAG024421,hsa-mir-98,RN7SL770P,0.9853
SNAPIN,hsa-miR-30d-3p,UBE2F,0.9837
hsa-miR-4747-5p,RP11-796E2.4,hsa-miR-3173-3p,0.9823
DHX58,DOID:2914,CD83,0.9797
DHX58,DOID:2914,CD83,0.9797
hsa-miR-138-2,pituitary adenoma,hsa-miR-100-2,0.9703
RUNDC3A,hsa-mir-122,CMTM7,0.9703
APOC1,DOID:150,GRM1,0.9703
NDUFC1,hsa-miR-500b,NONHSAG052969,0.967
GLT8D1,hsa-miR-300,NONHSAG035395,0.9593
ENO1,hsa-miR-485-3p,anxiety disorder,0.9566
UBP1,hsa-miR-455-3p,TNPO1,0.9552
UBP1,hsa-miR-455-3p,TNPO1,0.9552
SGCB,ICD10:G71,COL6A1,0.9433
PAN2,hsa-miR-214-5p,RP11-216B9.6,0.9431
MTO1,ICD10:I43,TNNI3K,0.9214
MAT1A,ICD10:E8,DPYD,0.921
ICD10:M60,CKM,DOID:8805,0.9016
PGK1,hsa-miR-3681-3p,INO80B,0.8981
ZEB2,ICD10:C68,POU6F2,0.8941
ARAF,DOID:305,EFNA3,0.8844
DOID:170,APOA4,DOID:3973,0.875
hsa-miR-4700-3p,CTA-204B4.6,hsa-miR-513a-3p,0.8703
BORA,hsa-miR-4429,NONHSAG047852,0.8442
TSHB,ICD10:E031,IRS4,0.8315
TSHB,ICD10:E031,IRS4,0.8315
TSHB,ICD10:E031,IRS4,0.8315
RPL18,hsa-miR-151b,NONHSAG013815,0.8271
SYCP3,hsa-miR-330-3p,NCAPD2,0.8137
NONHSAG006772,hsa-miR-758-3p,LPHN1,0.7863
DOID:0060073,KRT5,DOID:0050639,0.7859
DOID:0060073,KRT5,DOID:0050639,0.7859
TFAP4,hsa-mir-6838,NONHSAG036629,0.7823
NONHSAG048491,hsa-miR-520d-5p,KIFAP3,0.7823
DRD1,DOID:1561,TOP3B,0.7624
AVP,ICD10:N39,WNT4,0.7587
ICD10:E6,PPARG,DOID:811,0.746
TM4SF19-AS1,hsa-miR-455-3p,TRAP1,0.7433
TM4SF19-AS1,hsa-miR-455-3p,TRAP1,0.7433
TM4SF19-AS1,hsa-miR-455-3p,TRAP1,0.7433
PPARD,ICD10:E7,PYGL,0.7296
MAP3K13,ICD10:root,CALD1,0.7085
SNRPE,hsa-miR-5688,ARPC1A,0.7075
SNRPE,hsa-miR-5688,ARPC1A,0.7075
SLC34A3,ICD10:E5,DMP1,0.6899
NONHSAG017162,hsa-mir-191,RP11-2C24.6,0.682
ACTL6A,hsa-miR-30b-3p,RP11-135L13.4,0.6782
RNF114,ICD10:L279,CTSK,0.6759
NONHSAG050570,hsa-mir-301a-3p,RP11-96D1.7,0.6661
hsa-miR-3529-5p,TMEM67,DOID:0070117,0.6644
HMGXB4,hsa-mir-216a-3p,MRPS27,0.6636
RP11-335O4.3,hsa-mir-181d,IGFBP7,0.6626
MED31,hsa-miR-425-5p,NONHSAG037186,0.6624
S100PBP,hsa-mir-150,YBEY,0.6624
NONHSAG004520,hsa-mir-15a/15b/16/1,ANAPC10,0.6564
HNRNPH1,hsa-miR-127-5p,C1orf159,0.6456
DMTF1,hsa-miR-3167,NONHSAG002863,0.6353
PYGM,DOID:2747,PHKB,0.6353
WDR73,hsa-miR-149-3p,XXbac-B444P24.8,0.6293
WDR73,hsa-miR-149-3p,XXbac-B444P24.8,0.6293
hsa-miR-342,multiple myeloma (MM),hsa-miR-181b,0.618
TMEM161B,hsa-miR-301b,TTC28-AS1,0.6173
TMEM161B,hsa-miR-301b,TTC28-AS1,0.6173
TMEM161B,hsa-miR-301b,TTC28-AS1,0.6173
NONHSAG048766,hsa-miR-339-5p,RP11-429P3.5,0.6165
RP11-160H22.5,hsa-miR-23a-3p,APLP2,0.6165
NONHSAG048766,hsa-miR-339-5p,RP11-429P3.5,0.6165
AC010620.1,hsa-miR-144-3p,CTC-273B12.6,0.6079
AC010620.1,hsa-miR-144-3p,CTC-273B12.6,0.6079
hsa-miR-20,medulloblastoma ,hsa-miR-92,0.6069
CCDC134,ICD10:Q78,SNX10,0.6069
DOID:1510,OXT,DOID:10763,0.6033
hsa-miR-23c,POGLUT1,ICD10:L81,0.5993
PKM,ICD10:E8,COQ8B,0.5979
hsa-miR-347,vascular disease,hsa-miR-352,0.5967
hsa-miR-128,anxiety disorder,hsa-miR-509,0.5912
hsa-miR-520b,MAGI2-AS3,miR-374b-5p,0.5907
RPS27,DOID:1340,RPL15,0.5882
AATK-AS1,hsa-miR-362-5p,NONHSAG028808,0.5858
AATK-AS1,hsa-miR-362-5p,NONHSAG028808,0.5858
NONHSAG009101,hsa-miR-204-3p,ZNF224,0.5841
RP11-311C24.1,hsa-mir-494-3p,TRIB1,0.5765
NONHSAG019089,hsa-miR-431-5p,MIR371B,0.5765
FAU,hsa-miR-221-3p,AC007796.1,0.5761
hsa-mir-342-3p,PTEN,ICD10:Q85,0.5761
PLEKHG3,hsa-miR-502-5p,NONHSAG037390,0.5686
NONHSAG015431,hsa-miR-363-5p,LINC00094,0.5686
NONHSAG015431,hsa-miR-363-5p,LINC00094,0.5686
NONHSAG015431,hsa-miR-363-5p,LINC00094,0.5686
HDAC4,DOID:0080014,FSHB,0.5499
HDAC4,DOID:0080014,FSHB,0.5499
C17orf97,ICD10:C,LGR6,0.5496
C19orf24,hsa-miR-485-3p,anxiety disorder,0.5472
INO80E,hsa-miR-532-3p,NONHSAG013546,0.5447
TBX22,DOID:12270,ZIC2,0.5447
C1orf132,hsa-miR-384,NONHSAG054636,0.5447
INO80E,hsa-miR-532-3p,NONHSAG013546,0.5447
C1GALT1,hsa-mir-93-3p,NONHSAG022922,0.5374
NDUFA2,hsa-mir-302b-3p,NONHSAG004920,0.5293
MGST1,hsa-miR-760,KB-1639H6.2,0.5291
lung cancer,hsa-let-7f,ulcerative colitis (UC),0.5257
ZMYM2,hsa-let-7d-3p,ZNF503-AS2,0.5257
lung cancer,hsa-let-7f,ulcerative colitis (UC),0.5257
TMEM39A,hsa-mir-744-3p,SSBP4,0.5253
CRIPT,hsa-mir-148a,RP11-332H18.4,0.5203
hsa-mir-4651,RP11-805I24.1,hsa-miR-4496,0.5203
ANKRD36BP1,hsa-miR-668-3p,RRBP1,0.5181
ICD10:O,PF4,DOID:1588,0.5181
ICD10:J85,MICA,DOID:986,0.516
ICD10:J85,MICA,DOID:986,0.516
DOID:13372,ELANE,DOID:1485,0.5142
RP11-368P15.3,hsa-miR-4676-3p,ASPH,0.5106
RP11-368P15.3,hsa-miR-4676-3p,ASPH,0.5106
RP11-368P15.3,hsa-miR-4676-3p,ASPH,0.5106
NFU1,ICD10:E90,NAGLU,0.5092
NFU1,ICD10:E90,NAGLU,0.5092
NONHSAG002009,hsa-let-7f-5p,NONHSAG018213,0.5092
NFU1,ICD10:E90,NAGLU,0.5092
neuroblastoma (NB),hsa-miR-92,medulloblastoma ,0.5067
neuroblastoma (NB),hsa-miR-92,medulloblastoma ,0.5067
NONHSAG019119,hsa-miR-378a-5p,FAM161A,0.5027
DOID:1793,CD274,ICD10:C81,0.5016
EFNA5,DOID:150,CYP17A1,0.5016
CCNO,DOID:9562,RSPH1,0.4978
ICD10:J8,SHH,DOID:4621,0.4975
LAMTOR4,hsa-miR-3064-3p,CNP,0.4922
LONRF1,hsa-miR-4306,RAD23A,0.4853
HORMAD1,ICD10:D4,PAX8,0.4728
POU2F1,hsa-let-7i-5p,TPT1-AS1,0.4724
POU2F1,hsa-let-7i-5p,TPT1-AS1,0.4724
KLC1,hsa-miR-655-3p,NONHSAG044553,0.4664
KLC1,hsa-miR-655-3p,NONHSAG044553,0.4664
TMEM164,hsa-miR-423-5p,RP11-875O11.1,0.4657
IL21,DOID:2115,CR2,0.4625
NONHSAG012706,hsa-miR-15b-5p,LDOC1,0.4571
CTC-523E23.8,hsa-miR-135b-5p,RP11-729L2.2,0.4503
IL12RB2,DOID:8893,CARD14,0.4477
IL12RB2,DOID:8893,CARD14,0.4477
RP11-63M22.2,hsa-mir-128,NONHSAG026200,0.4475
DOID:0060100,EWSR1,DOID:0080639,0.4475
RP11-63M22.2,hsa-mir-128,NONHSAG026200,0.4475
EXOC7,hsa-miR-1197,NONHSAG048582,0.4463
EXOC7,hsa-miR-1197,NONHSAG048582,0.4463
CXCL12,DOID:0050828,AGTRAP,0.4463
RRBP1,hsa-miR-668-3p,HNRNPM,0.4418
ABHD12,ICD10:G13,RFC1,0.441
C1orf194,DOID:870,PTRH2,0.4407
MCTP1,hsa-miR-543,OSBPL2,0.4311
RAB12,hsa-mir-98,NONHSAG024421,0.4311
FCGR1A,hsa-miR-330-3p,MIR3188,0.4309
FCGRT,DOID:417,IL22RA1,0.4272
NONHSAG017869,hsa-miR-135a2,NONHSAG017341,0.4229
RPL13A,hsa-miR-4782-5p,NONHSAG051640,0.4229
SOST,DOID:11476,ACP5,0.4227
SRC,ICD10:C63,SPOP,0.4227
KIT,DOID:349,TET2,0.4191
KIT,DOID:349,TET2,0.4191
RP11-337A23.5,hsa-miR-378f,NONHSAG053777,0.4151
RP11-192H23.4,hsa-miR-5688,NONHSAG054710,0.4123
ARID5B,DOID:417,IL22RA1,0.4096
RP11-308D16.4,hsa-miR-106a-3p,RP11-383C5.5,0.4094
NOP56,hsa-miR-221-3p,NONHSAG054085,0.4081
NOP56,hsa-miR-221-3p,NONHSAG054085,0.4081
RP11-869B15.1,hsa-miR-520b,MAGI2-AS3,0.4044
MEF2D,ICD10:G43,PLCE1,0.4035
KLF6,ICD10:N429,MXI1,0.4027
NUDT11,ICD10:N429,MXI1,0.4013
NUDT11,ICD10:N429,MXI1,0.4013
DOID:686,PIK3CD,ICD10:N80,0.3961
NCR1,ICD10:K50,CCL13,0.3954
GTPBP2,hsa-miR-326,RP1-92O14.6,0.3954
RP11-420A21.1,hsa-miR-668-3p,RRBP1,0.3949
H3-3B,DOID:114,KCNE3,0.3905
ZNF92P3,hsa-miR-195-3p,ARFRP1,0.3898
RP11-417O11.6,hsa-miR-106a-3p,LINC00984,0.3872
CKAP2,hsa-miR-323a-3p,NONHSAG047380,0.3833
RBM25,hsa-mir-142-3p,NONHSAG047062,0.3827
NONHSAG016687,hsa-mir-19a/19b,PHF11,0.3811
DNAJC16,hsa-miR-6835-3p,PPIE,0.3771
DOID:936,ZFHX3,DOID:2786,0.3751
DOID:936,ZFHX3,DOID:2786,0.3751
hsa-mir-23b-3p,CCAT2,miR-493-5p,0.375
hsa-miR-487b,dermatomyositis (DM),hsa-miR-409-3p,0.3739
ASIP,ICD10:E8,COQ8B,0.3734
DMXL2,ICD10:H7,LHFPL5,0.3728
B4GALNT1,hsa-miR-449b-3p,RP3-322G13.7,0.3647
ATP5A1,hsa-miR-3129-5p,CBLB,0.3647
LDLRAP1,hsa-miR-519d,NONHSAG013249,0.3635
LOC678655,hsa-miR-106a-3p,RP11-48O20.4,0.3631
RAET1L,DOID:2914,DHX58,0.3627
TMED3,hsa-mir-421,RIMKLB,0.3623
CHRND,DOID:3635,RAPSN,0.3593
NAA10,hsa-miR-125b-5p,NONHSAG007148,0.3546
ICD10:J969,IFNG,DOID:0060496,0.3528
RASSF8-AS1,hsa-miR-1197,ANKRD29,0.3509
hsa-miR-101,Spinocerebellar ataxia 1,hsa-miR-19,0.3483
LMNB2,ICD10:G4,ATN1,0.3416
LMNB2,ICD10:G4,ATN1,0.3416
TYRP1,ICD10:D48,FRK,0.3377
APLP2,hsa-miR-23a-3p,RP11-160H22.5,0.3377
THPO,ICD10:D4,PAX8,0.3377
CTD-2552B11.4,hsa-miR-106a-3p,LINC00984,0.3348
CTD-2552B11.4,hsa-miR-106a-3p,LINC00984,0.3348
CTD-2552B11.4,hsa-miR-106a-3p,LINC00984,0.3348
SNHG1,hsa-mir-1303,LA16c-360H6.3,0.3274
SNX3,ICD10:Q11,MFRP,0.3274
SNX3,ICD10:Q11,MFRP,0.3274
hsa-miR-6511a-3p,RP5-1186N24.3,hsa-miR-3909,0.3248
RHOBTB3,hsa-mir-196a-2,CLIC5,0.3195
NONHSAG041985,hsa-miR-582-3p,CMTM6,0.3181
NONHSAG041985,hsa-miR-582-3p,CMTM6,0.3181
DOCK4,ICD10:D4,ZBTB10,0.3162
UROD,hsa-mir-103a-2-5p,NONHSAG037085,0.3101
ZNF451,hsa-miR-330-3p,TFB1M,0.3067
ZNF451,hsa-miR-330-3p,TFB1M,0.3067
PIK3CA,DOID:1100,FOXL2,0.3065
PUSL1,hsa-miR-3184-3p,NONHSAG003041,0.3043
PATL2,hsa-miR-491-3p,CPSF1,0.3042
PATL2,hsa-miR-491-3p,CPSF1,0.3042
ICD10:N41,KLK3,ICD10:F522,0.3042
DOID:655,ALDH4A1,DOID:0080543,0.2998
DOID:3146,INSR,DOID:0080208,0.2971
FANCM,DOID:720,SLC19A1,0.2943
MAPKBP1,ICD10:Q6,IFT140,0.2943
FANCM,DOID:720,SLC19A1,0.2943
DENND4B,hsa-miR-18b-5p,RP11-344E13.3,0.2928
ICD10:G30,PSENEN,DOID:2282,0.2918
RP11-388M20.7,hsa-miR-221-3p,LINC00685,0.2917
RP11-388M20.7,hsa-miR-221-3p,LINC00685,0.2917
CD47,hsa-miR-18a-3p,XYLT2,0.2914
GPR108,hsa-miR-205-5p,NONHSAG048263,0.291
RP4-769N13.6,hsa-miR-497-3p,NONHSAG010521,0.286
AC007390.5,hsa-miR-155-3p,ATF3,0.286
NONHSAG032298,hsa-miR-129-2-3p,RP4-794H19.1,0.286
NONHSAG052918,hsa-miR-7153-5p,NONHSAG020409,0.2842
GRM5,ICD10:F2,HTR2C,0.2839
QTRTD1,hsa-miR-136-3p,NONHSAG032899,0.2831
ICD10:K7,IFNA7,DOID:1883,0.2824
HLA-DQB2,ICD10:M13,DOT1L,0.2822
hsa-miR-615,lupus nephritis,hsa-miR-601,0.2801
DOID:2218,GP1BA,DOID:2217,0.2768
NONHSAG048098,hsa-miR-410-3p,FRYL,0.2762
HSF4,DOID:0050155,C2,0.2714
WHSC1L1,hsa-miR-668-3p,RRBP1,0.2684
WHSC1L1,hsa-miR-668-3p,RRBP1,0.2684
WHSC1L1,hsa-miR-668-3p,RRBP1,0.2684
SSNA1,hsa-miR-490-3p,SLC25A40,0.2643
SSNA1,hsa-miR-490-3p,SLC25A40,0.2643
H3C6,DOID:0080879,H3C3,0.2638
CAPNS1,hsa-mir-302b-3p,NONHSAG004920,0.2637
NONHSAG044503,hsa-miR-9-5p,SHOC2,0.2637
DOID:4947,BRAF,ICD10:G95,0.2583
DOID:4947,BRAF,ICD10:G95,0.2583
NONHSAG020846,hsa-miR-361-3p,GNL3,0.2576
NONHSAG017197,hsa-miR-3681-3p,INO80B,0.2555
ADRA2A,ICD10:F900,FOXP1,0.2552
ADRA2A,ICD10:F900,FOXP1,0.2552
FZD9,DOID:225,MCIDAS,0.2534
CIT,ICD10:Q0,PHC1,0.2534
ICD10:F0,NCSTN,DOID:2280,0.2481
SRP14,hsa-mir-1,NONHSAG044958,0.2455
CLUH,hsa-mir-1,NONHSAG044958,0.2365
CLUH,hsa-mir-1,NONHSAG044958,0.2365
NONHSAG038800,hsa-mir-142-3p,NONHSAG047062,0.2357
ACAP3,hsa-miR-378d,NONHSAG043790,0.2339
ACAP3,hsa-miR-378d,NONHSAG043790,0.2339
GPRC6A,DOID:10283,MSMB,0.2275
GPRC6A,DOID:10283,MSMB,0.2275
ICD10:K5,BACH2,ICD10:L80,0.2266
NONHSAG025680,hsa-miR-214-5p,RP1-234P15.4,0.2257
UCP1,DOID:9970,NEGR1,0.2201
SEC63,DOID:0050770,SEC61B,0.2201
hsa-miR-302d,malignant melanoma,hsa-miR-144,0.2201
CAPRIN1,hsa-mir-193a-3p/193b,SORBS1,0.2201
GALNT7,hsa-miR-590-3p,LYPLAL1,0.2195
GALNT7,hsa-miR-590-3p,LYPLAL1,0.2195
TLR1,ICD10:J301,IL4R,0.2195
ZRANB2,hsa-miR-495-3p,NONHSAG042704,0.2191
DOID:0111687,ALX4,DOID:0081044,0.2184
NGF,DOID:150,CYP17A1,0.2182
NONHSAG030301,hsa-miR-497-3p,C1orf21,0.2162
NONHSAG035203,hsa-miR-214-5p,RP11-216B9.6,0.2155
PASK,hsa-mir-494-3p,FAM126B,0.2151
PASK,hsa-mir-494-3p,FAM126B,0.2151
myeloproliferative disorder,hsa-miR-133a,cardiomyopathy,0.2149
P2RX2,ICD10:H939,GJB2,0.2114
CTB-31O20.4,hsa-miR-326,RP1-92O14.6,0.2111
TLR8,DOID:0050117,TRIM5,0.2111
NUP205,hsa-miR-200b-5p,RP11-359B12.2,0.2109
NUP205,hsa-miR-200b-5p,RP11-359B12.2,0.2109
ICD10:E161,ABCC8,DOID:9993,0.2105
hsa-miR-487b-3p,GAS5,miR-135a,0.2095
GABRA1,DOID:150,CYP17A1,0.2076
hsa-miR-484,autism spectrum disorder (ASD),hsa-miR-320a,0.2076
CCR6,ICD10:K769,IFNA13,0.2045
IL2RA,ICD10:L8,IKZF4,0.2041
IL2RA,ICD10:L8,IKZF4,0.2041
ICD10:C92,AANAT,DOID:1932,0.2021
ICD10:C92,AANAT,DOID:1932,0.2021
NONHSAG048353,hsa-mir-122,RUNDC3A,0.201
NONHSAG048353,hsa-mir-122,RUNDC3A,0.201
NAP1L1,hsa-miR-132-3p,MRPL10,0.2003
SMC1A,hsa-mir-128,42068,0.1991
TAS2R16,DOID:150,CYP17A1,0.1988
hsa-miR-1234-3p,XIST,hsa-mir-4508,0.196
DDX58,DOID:0080600,SH2D3A,0.1956
SPCS1,hsa-miR-6835-3p,NONHSAG052422,0.1933
SPCS1,hsa-miR-6835-3p,NONHSAG052422,0.1933
GTF2H3,hsa-miR-376b-3p,NONHSAG033244,0.1933
ICD10:C75,APOA4,DOID:3973,0.1914
ICD10:C75,APOA4,DOID:3973,0.1914
RAB11FIP5,hsa-miR-212-5p,EML3,0.1902
HSPD1,DOID:607,ABHD16A,0.1902
RAB11FIP5,hsa-miR-212-5p,EML3,0.1902
RAB11FIP5,hsa-miR-212-5p,EML3,0.1902
PANK2,ICD10:G2,RAB39B,0.1881
GLI2,DOID:3451,SUFU,0.1867
CTD-2036P10.3,hsa-mir-200c-3p,FAM211A,0.186
CTD-2036P10.3,hsa-mir-200c-3p,FAM211A,0.186
ATG5,DOID:4960,NPM1,0.186
ABCC2,DOID:1852,SEMA7A,0.1858
RP11-1029F8.1,hsa-mir-17/20b/93/51,AP002387.1,0.1811
RP11-1029F8.1,hsa-mir-17/20b/93/51,AP002387.1,0.1811
GCNT2,hsa-mir-196a-2,CLIC5,0.181
RP5-1129J21.3,hsa-miR-33a-3p,NONHSAG039865,0.1809
AQP1,ICD10:N399,DPP4,0.1804
AQP1,ICD10:N399,DPP4,0.1804
SET,hsa-miR-224-5p,BTN3A2,0.1804
SET,hsa-miR-224-5p,BTN3A2,0.1804
TYW5,hsa-miR-5688,ARPC1A,0.18
BCAT2,hsa-miR-149-3p,XXbac-B444P24.8,0.1797
BCAT2,hsa-miR-149-3p,XXbac-B444P24.8,0.1797
RP11-79H23.3,hsa-miR-376b-3p,NONHSAG033244,0.1796
ZFHX3,DOID:2786,PNKP,0.1792
LAMB3,ICD10:L27,KIF3A,0.1773
ICD10:M069,CSF1,DOID:200,0.1765
NONHSAG045370,hsa-miR-485-3p,RBBP9,0.1761
NONHSAG045370,hsa-miR-485-3p,RBBP9,0.1761
DOID:1852,SEMA7A,DOID:9741,0.1745
DOID:1852,SEMA7A,DOID:9741,0.1745
DNAJC9,hsa-mir-106b-3p,RP11-626G11.3,0.1734
MUS81,DOID:1342,FANCF,0.1731
TMPO-AS1,hsa-miR-212-5p,EML3,0.1725
TMPO-AS1,hsa-miR-212-5p,EML3,0.1725
MIR1792,hsa-miR-363-5p,LINC00094,0.1668
DOID:1176,IL2RA,ICD10:L8,0.1642
CAPN10,hsa-miR-214-5p,NONHSAG035199,0.1642
KIF12,ICD10:K839,CEACAM5,0.1627
KIF12,ICD10:K839,CEACAM5,0.1627
PITRM1,DOID:1289,POLG,0.1627
PITRM1,DOID:1289,POLG,0.1627
IHH,DOID:77,CXCR2,0.1627
PITRM1,DOID:1289,POLG,0.1627
TBRG1,hsa-miR-497-3p,SLC35E3,0.161
DCP1A,hsa-mir-181c,NONHSAG039457,0.1599
ATG13,hsa-miR-365a-3p,NONHSAG048488,0.1595
NONHSAG014373,hsa-mir-196a-2,AC005682.5,0.1595
NONHSAG014373,hsa-mir-196a-2,AC005682.5,0.1595
NONHSAG014373,hsa-mir-196a-2,AC005682.5,0.1595
ARHGEF5,ICD10:C,AFDN,0.1575
ARHGEF5,ICD10:C,AFDN,0.1575
RP11-359B12.2,hsa-miR-200b-5p,RP5-1172N10.3,0.1561
hsa-miR-148a,dermatomyositis (DM),hsa-miR-409-3p,0.1556
PYGL,ICD10:E7,D2HGDH,0.1548
RP5-1061H20.4,hsa-miR-3529-5p,NONHSAG016604,0.1548
hsa-miR-483-3p,Malignant mesothelioma (MM),hsa-miR-144*,0.1544
NONHSAG047062,hsa-mir-142-3p,NONHSAG038800,0.1537
NONHSAG047062,hsa-mir-142-3p,NONHSAG038800,0.1537
SEMA4G,hsa-miR-374b-3p,RP3-486I3.7,0.1517
SEMA4G,hsa-miR-374b-3p,RP3-486I3.7,0.1517
NUTM2A-AS1,hsa-miR-129-5p,NONHSAG032924,0.1517
NONHSAG034905,hsa-miR-375,IRAK4,0.1506
C14orf166,hsa-miR-424-5p,CRHR1,0.1506
C14orf166,hsa-miR-424-5p,CRHR1,0.1506
RSPRY1,hsa-miR-376a-3p,NONHSAG053227,0.1504
INTS8,hsa-mir-200c-3p,FAM211A,0.1502
STK11IP,hsa-miR-33a-3p,NONHSAG039865,0.1493
hsa-miR-100-2,chronic pancreatitis,hsa-miR-100-1,0.1478
hsa-miR-100-2,chronic pancreatitis,hsa-miR-100-1,0.1478
hsa-miR-432-5p,RP11-296K13.1,hsa-miR-548aa,0.1474
ATXN2L,hsa-miR-6504-3p,NONHSAG001156,0.1463
SPRED2,DOID:0060032,CYP27B1,0.1461
SPRED2,DOID:0060032,CYP27B1,0.1461
SPRED2,DOID:0060032,CYP27B1,0.1461
ICD10:M5,IGF1R,DOID:9256,0.1461
NONHSAG036569,hsa-miR-132-3p,SLC12A7,0.1457
KLF11,ICD10:N,TTC21B,0.1441
DOID:684,PTEN,DOID:2871,0.1401
hsa-miR-208b-3p,SCGB3A2,DOID:12361,0.1401
hsa-miR-208b-3p,SCGB3A2,DOID:12361,0.1401
ICD10:G24,SLC6A3,ICD10:F2,0.1399
LAMA4,ICD10:I519,FLII,0.1398
AOPEP,DOID:15,PTGES,0.1398
AOPEP,DOID:15,PTGES,0.1398
LAMA4,ICD10:I519,FLII,0.1398
LPIN1,hsa-mir-27b-3p,NONHSAG011058,0.1396
C9orf147,hsa-mir-29b-2-5p,RP11-290F5.2,0.1392
C9orf147,hsa-mir-29b-2-5p,RP11-290F5.2,0.1392
MYO7A,ICD10:H359,KIAA1549,0.1385
DOID:5353,GDNF,ICD10:I6,0.1373
DOID:3480,EIF1AX,DOID:6039,0.1359
DOID:3480,EIF1AX,DOID:6039,0.1359
DOID:3480,EIF1AX,DOID:6039,0.1359
NONHSAG050795,hsa-miR-329-3p,DMRTC2,0.1351
NONHSAG050795,hsa-miR-329-3p,DMRTC2,0.1351
KCNMA1,ICD10:G93,CHRNA4,0.1349
NONHSAG048419,hsa-miR-590-3p,LYPLAL1,0.1344
AC079613.1,hsa-miR-409-5p,NONHSAG054096,0.1344
DOID:3965,CD274,ICD10:C81,0.1342
ENPEP,DOID:114,P2RY12,0.1341
ICD10:E241,POMC,ICD10:N91,0.129
DOID:2773,CCL17,DOID:1176,0.128
hsa-miR-15b-5p,RP11-106M3.2,hsa-miR-487b-3p,0.1277
DOID:10952,C3,ICD10:D59,0.1272
PHF11,hsa-mir-19a/19b,RP11-5N23.3,0.1243
PHF11,hsa-mir-19a/19b,RP11-5N23.3,0.1243
UBTF,ICD10:G969,ACTL6B,0.1241
SUPT6H,hsa-miR-147b,JAZF1-AS1,0.1227
SUPT6H,hsa-miR-147b,JAZF1-AS1,0.1227
DOID:5295,KRT20,DOID:3030,0.1209
UBLCP1,hsa-mir-194-2,RP11-460C6.1,0.1209
SULT1A1,ICD10:K5,IL15RA,0.1201
HSPA1B,ICD10:L6,ULBP3,0.1201
SULT1A1,ICD10:K5,IL15RA,0.1201
NONHSAG002863,hsa-miR-3167,QRICH1,0.1199
HMG20A,hsa-miR-30d-3p,UBE2F,0.1199
ATG3,hsa-mir-324-3p,INTS1,0.1197
GUCA1A,DOID:9799,CFHR2,0.1135
GUCA1A,DOID:9799,CFHR2,0.1135
CTD-2314B22.2,hsa-miR-532-3p,NONHSAG013546,0.1121
AC098820.3,hsa-miR-330-3p,EXOSC3,0.1117
AC098820.3,hsa-miR-330-3p,EXOSC3,0.1117
PEX19,hsa-let-7a-2,ETFDH,0.1109
SCN8A,DOID:0080422,PCDH10,0.1109
AK1,DOID:74,KCNN4,0.1104
AK1,DOID:74,KCNN4,0.1104
LRPPRC,DOID:3652,GFM2,0.1104
DOID:8869,MOG,ICD10:H46,0.1098
DOID:8869,MOG,ICD10:H46,0.1098
DOID:8869,MOG,ICD10:H46,0.1098
RPS29,DOID:2355,KIF23,0.1091
RFC1,ICD10:G13,IGHMBP2,0.1084
RFC1,ICD10:G13,IGHMBP2,0.1084
ESYT1,hsa-miR-146a-3p,HNRNPA2B1,0.1084
ICD10:C7,HDAC9,DOID:4535,0.1072
RP11-649A18.4,hsa-mir-93-3p,RP11-159F24.1,0.1071
ICD10:E2,KCNJ5,DOID:10273,0.1053
TP53,DOID:1040,CD52,0.1053
TP53,DOID:1040,CD52,0.1053
HMBOX1,hsa-miR-892c-3p,XPO7,0.1051
IL6,DOID:615,GFI1,0.1044
MAU2,hsa-mir-100-5p,NONHSAG020352,0.1035
CALU,DOID:0080665,VKORC1,0.1024
SSX1,DOID:201,PDGFB,0.1018
HNRNPH3,hsa-miR-665,NONHSAG006055,0.101
NONHSAG054858,hsa-miR-429,NONHSAG048240,0.101
RP11-998D10.7,hsa-mir-21-3p,SEC23A,0.1004
MAGEL2,ICD10:E66,RPGRIP1L,0.1003
CYHR1,hsa-miR-3139,MRPS24,0.1002
NONHSAG043282,hsa-mir-181a/181b/18,NONHSAG039880,0.0992
ELP1,ICD10:G13,IGHMBP2,0.0987
AC008592.5,hsa-miR-106a-3p,RP11-48O20.4,0.0986
AC008592.5,hsa-miR-106a-3p,RP11-48O20.4,0.0986
RP11-299G20.2,hsa-miR-409-5p,CAPN2,0.0985
hsa-miR-302b*,acute myeloid leukemia (AML),hsa-miR-325,0.0984
hsa-miR-302b*,acute myeloid leukemia (AML),hsa-miR-325,0.0984
SMAD3,DOID:5295,NRTN,0.0978
SMAD3,DOID:5295,NRTN,0.0978
CCR5,ICD10:M06,PIP4K2C,0.0952
CCR5,ICD10:M06,PIP4K2C,0.0952
CCR5,ICD10:M06,PIP4K2C,0.0952
ROR1,ICD10:H70,GJB3,0.0945
BFSP2,ICD10:H27,LEMD2,0.0938
HNRNPA1,hsa-miR-378h,NONHSAG026526,0.0911
AFF4,DOID:374,MC4R,0.0911
AFF4,DOID:374,MC4R,0.0911
AFF4,DOID:374,MC4R,0.0911
STN1,ICD10:L2,TGM5,0.0907
ERCC1,DOID:5614,COL5A1,0.0882
NONHSAG007751,hsa-miR-670,CASP4,0.0875
ICD10:H2,PAX6,ICD10:Q112,0.0875
NONHSAG007751,hsa-miR-670,CASP4,0.0875
MAN2C1,hsa-miR-151a-3p,MLST8,0.0874
TOMM40,ICD10:I519,FLII,0.0873
MTHFS,ICD10:G969,NOTCH2NLC,0.0866
uterine leiomyoma (ULM),hsa-miR-30a,glomerular disease,0.0861
RPLP1,hsa-miR-29a-5p,PVT1,0.0852
LHPP,hsa-miR-758-3p,NONHSAG006772,0.0849
DBF4,hsa-mir-19a/19b,PHF11,0.0848
TRPC3,DOID:0050951,TMEM240,0.0846
TRPC3,DOID:0050951,TMEM240,0.0846
UBAP2,hsa-miR-670,CASP4,0.0834
FOXE1,ICD10:C73,CALCA,0.0814
GNMT,ICD10:N42,MAD1L1,0.0809
GAS5,hsa-miR-487b-3p,TTC12,0.0793
DOID:90,COL11A1,DOID:0080007,0.0793
miR-BART22,nasopharyngeal carcinoma (NPC),miR-BART21,0.0793
DOID:90,COL11A1,DOID:0080007,0.0793
GAS5,hsa-miR-487b-3p,TTC12,0.0793
DOID:4621,SHH,ICD10:C729,0.0791
LINC00324,hsa-miR-23a-3p,APLP2,0.0791
DOID:1240,TET2,DOID:349,0.079
NDUFA10,hsa-miR-424-5p,CRHR1,0.0784
GCDH,DOID:0050737,MYO5A,0.0784
ITPR1,ICD10:C5,POU5F1B,0.0778
COL8A1,DOID:4448,RAX2,0.0773
FA2H,DOID:10579,TMEM163,0.0773
LTBP2,ICD10:H40,EFEMP1,0.0763
DOID:1883,IFNA7,ICD10:K7,0.0753
PXN,ICD10:C,ELL2,0.0752
PXN,ICD10:C,ELL2,0.0752
PRRX1,ICD10:I519,FLII,0.0747
NONHSAG044553,hsa-miR-655-3p,SERPINI1,0.0744
CEACAM5,ICD10:K839,KIF12,0.0743
DUSP22,ICD10:D4,PAX8,0.0742
SEC23A,hsa-miR-892c-3p,XPO7,0.0742
SEC23A,hsa-miR-892c-3p,XPO7,0.0742
HDAC10,hsa-miR-376b-3p,NONHSAG033244,0.0729
NONHSAG033960,hsa-miR-491-3p,AC132872.1,0.0723
NONHSAG033960,hsa-miR-491-3p,AC132872.1,0.0723
NONHSAG033960,hsa-miR-491-3p,AC132872.1,0.0723
CHAT,ICD10:G1,DOK7,0.0722
NONHSAG035745,hsa-miR-363-5p,LINC00094,0.071
DHX15,hsa-miR-490-3p,SSNA1,0.071
MGAT4A,hsa-miR-493-5p,NONHSAG044598,0.0703
NONHSAG027755,hsa-miR-200a-5p,ZZZ3,0.0703
CADM3,ICD10:G969,NOTCH2NLC,0.0702
NONHSAG008148,hsa-miR-877-3p,NONHSAG025544,0.0702
RFXAP,hsa-miR-378a-5p,FAM193B,0.0696
DOID:8466,C3,DOID:10952,0.0691
NONHSAG003526,hsa-miR-877-3p,NONHSAG025544,0.0689
PPARA,DOID:150,CYP17A1,0.0682
FBXL19-AS1,hsa-miR-1306-3p,RP11-498C9.2,0.0682
SELP,DOID:0060903,SERPINF2,0.068
AMPD2,hsa-mir-331-3p,RP4-583P15.10,0.0677
AMPD2,hsa-mir-331-3p,RP4-583P15.10,0.0677
ICD10:E71,PCCA,DOID:9252,0.0671
CNP,hsa-miR-3064-3p,AC100791.1,0.0671
DOID:0070117,TMEM67,DOID:1935,0.0669
UBE2H,hsa-mir-181b-3p,NONHSAG015152,0.0669
VPS50,ICD10:G93,CHRNA4,0.0658
RP11-227G15.3,hsa-miR-520e,NONHSAG023012,0.0657
RP11-227G15.3,hsa-miR-520e,NONHSAG023012,0.0657
RNF38,hsa-miR-199a-5p,RP11-715J22.6,0.0657
hsa-miR-320d,CTA-204B4.6,hsa-miR-513a-3p,0.0652
NONHSAG045252,hsa-mir-302a-3p,NONHSAG020347,0.0652
KERA,ICD10:H18,FOXO1,0.0645
NONHSAG037161,hsa-mir-744-3p,NONHSAG007406,0.0644
SLC25A1,DOID:655,MCCC1,0.0643
ICD10:G93,C9orf72,DOID:0080855,0.0641
BZRAP1,hsa-mir-744-3p,SSBP4,0.0628
BZRAP1,hsa-mir-744-3p,SSBP4,0.0628
SHBG,ICD10:D2,GNRH1,0.0626
MRAP2,DOID:0060158,EIF2S3,0.0625
POU2AF1,DOID:417,IL22RA1,0.0619
PPA1,hsa-miR-18a-3p,NONHSAG024741,0.0617
DTL,hsa-miR-196b-3p,NONHSAG034359,0.0615
DTL,hsa-miR-196b-3p,NONHSAG034359,0.0615
TTLL4,hsa-let-7c,SCARNA10,0.0615
NONHSAG004866,hsa-miR-1224-3p,FUBP3,0.0608
RIMKLB,hsa-mir-421,NONHSAG030770,0.0605
DOID:4045,FOXO1,ICD10:H18,0.0605
TBX4,DOID:0050828,AGTRAP,0.0603
DOID:2462,FZD4,DOID:0050535,0.0597
NUMA1,ICD10:C9,TAL1,0.0589
CSPG4P5,hsa-miR-106a-3p,ZNF883,0.0587
DOID:0080001,F2,DOID:3756,0.0586
ASCC2,hsa-miR-665,NONHSAG006055,0.0584
NONHSAG007066,hsa-miR-4295,NFX1,0.0584
NONHSAG007066,hsa-miR-4295,NFX1,0.0584
RP11-54O7.1,hsa-miR-361-3p,PIAS2,0.0581
hsa-miR-601,lupus nephritis,hsa-miR-518c*,0.0581
NAPB,DOID:863,AP5Z1,0.058
DOID:11383,AMH,ICD10:Q991,0.0575
NONHSAG008553,hsa-mir-23b-3p,RP11-483H11.1,0.0574
AC083843.1,hsa-miR-106a-3p,RP11-383C5.5,0.0565
RARB,ICD10:Q,XPNPEP3,0.0565
AC083843.1,hsa-miR-106a-3p,RP11-383C5.5,0.0565
FANCF,DOID:1342,MUS81,0.0562
G6PC2,ICD10:E74,LDHA,0.0562
DNAJB9,hsa-mir-93-3p,RP11-159F24.1,0.056
POU4F3,ICD10:H7,LHFPL5,0.056
BAZ2A,hsa-mir-744-3p,AC009133.15,0.0556
PPP5C,ICD10:F0,NCSTN,0.0546
PPP5C,ICD10:F0,NCSTN,0.0546
NONHSAG037369,hsa-miR-708-3p,TECPR1,0.0535
melanoma,hsa-miR-221,coronary artery disease,0.0532
RP11-8L18.3,hsa-miR-212-5p,METTL25,0.0529
DOID:4752,SNCA,DOID:12217,0.0529
RP11-8L18.3,hsa-miR-212-5p,METTL25,0.0529
ADAM15,hsa-miR-92b-3p,C10orf88,0.0526
ADAM15,hsa-miR-92b-3p,C10orf88,0.0526
ATP2B1,hsa-mir-186-3p,SCHIP1,0.0523
ICD10:C55,MSH2,ICD10:C54,0.0511
NONHSAG007371,hsa-miR-218-1-3p,FAM160B2,0.0496
CERS1,ICD10:G4,ATN1,0.0493
DOID:0080665,VKORC1,DOID:0112172,0.0493
CERS1,ICD10:G4,ATN1,0.0493
NONHSAG040603,hsa-miR-320d,PCNP,0.0493
CERS1,ICD10:G4,ATN1,0.0493
DOID:0080665,VKORC1,DOID:0112172,0.0493
CERS1,ICD10:G4,ATN1,0.0493
C1orf21,hsa-miR-195-3p,NONHSAG030301,0.0488
UBQLN4,DOID:331,DST,0.0487
HTATIP2,hsa-mir-206,LINC00852,0.0476
miR-515,ZFPM2-AS1,miR-511-3p,0.0473
AC010980.2,miR-489,INTS6,0.0473
miR-515,ZFPM2-AS1,miR-511-3p,0.0473
UNC5C,DOID:0014667,ACACA,0.0472
XRCC3,DOID:1612,ARMT1,0.0472
HSD17B10,hsa-miR-4644,RP11-4F5.2,0.0467
UIMC1,hsa-miR-217,RP11-27I1.4,0.0465
FAS,DOID:0080001,ASPN,0.0463
RP11-983P16.4,hsa-miR-452-3p,NONHSAG048876,0.0458
NONHSAG020638,hsa-mir-23b-3p,RP11-483H11.1,0.0456
AC010970.2,hsa-mir-92a-1-5p,DAPK1-IT1,0.0448
ESYT2,hsa-miR-326,GTPBP2,0.0445
CCDC115,ICD10:E9,LCT,0.0445
NONHSAG025547,hsa-miR-376a-3p,AP2A1,0.0443
ICD10:N19,CKB,DOID:3978,0.0443
WDR27,hsa-miR-129-5p,AC002401.1,0.0436
MTA3,hsa-miR-320c,FAM219B,0.0428
ICD10:C729,SHH,DOID:4621,0.0428
NONHSAG036921,hsa-miR-129-2-3p,RP4-794H19.1,0.0421
NSMCE2,hsa-miR-493-5p,MGAT4A,0.0421
NSMCE2,hsa-miR-493-5p,MGAT4A,0.0421
RP11-380P13.2,hsa-miR-423-5p,RP11-875O11.1,0.0421
MYL6,hsa-miR-7-2-3p,TAF2,0.0419
MYL6,hsa-miR-7-2-3p,TAF2,0.0419
MYL6,hsa-miR-7-2-3p,TAF2,0.0419
RP1-59D14.6,hsa-miR-892c-3p,XPO7,0.0418
RP1-59D14.6,hsa-miR-892c-3p,XPO7,0.0418
TOP3A,DOID:66,SPEG,0.0417
IFNA7,DOID:1883,IFNA16,0.0409
NONHSAG017579,hsa-mir-193a-3p/193b,AZIN1,0.0408
NONHSAG017579,hsa-mir-193a-3p/193b,AZIN1,0.0408
BCKDHA,ICD10:E72,HPD,0.0407
CFHR2,DOID:9799,RS1,0.0407
BCKDHA,ICD10:E72,HPD,0.0407
BCKDHA,ICD10:E72,HPD,0.0407
CFHR2,DOID:9799,RS1,0.0407
GINS1,hsa-mir-93-3p,NONHSAG022922,0.0402
RP11-649E7.5,hsa-miR-378c,RP5-1142A6.7,0.0402
CYP1B1,DOID:1067,ADAMTS8,0.0402
GINS1,hsa-mir-93-3p,NONHSAG022922,0.0402
RP11-353N14.5,hsa-miR-3064-3p,AC100791.1,0.0402
SPTLC2,ICD10:G130,EGR2,0.0398
ILF3-AS1,hsa-miR-138-2-3p,NONHSAG017796,0.0393
DOID:75,CD1D,DOID:4424,0.0392
LARGE1,ICD10:G710,POMK,0.0392
LARGE1,ICD10:G710,POMK,0.0392
HTT,ICD10:G92,BACE1,0.0392
DNAH1,DOID:9562,RSPH1,0.039
PPIL2,hsa-miR-135a2,NONHSAG055442,0.039
DNAH1,DOID:9562,RSPH1,0.039
DDX6,hsa-miR-33b-3p,ALKBH1,0.039
RP11-715J22.2,hsa-miR-1249-3p,PHB,0.0389
AC016831.7,hsa-mir-142-3p,NONHSAG038800,0.0386
TRHR,DOID:28,ANOS1,0.0384
DOID:0050557,LMNA,DOID:0081332,0.0383
DOID:0050557,LMNA,DOID:0081332,0.0383
C11orf58,hsa-mir-494-3p,RP11-65J21.3,0.0382
HTR1A,DOID:1561,TOP3B,0.0382
DEAF1,hsa-miR-665,NONHSAG006055,0.0382
ID2,hsa-miR-130b-3p,PSMD6-AS2,0.0381
CTC-281B15.1,hsa-miR-1251,LINC00692,0.038
CHRNA2,DOID:9973,CHRNA6,0.038
CPT1A,ICD10:E66,CPE,0.0378
hsa-miR-197,pituitary adenoma,hsa-miR-100-2,0.0377
hsa-miR-542-3p,SKI,DOID:11971,0.0376
hsa-miR-30c,Duchenne muscular dystrophy (DMD),hsa-miR-452,0.0376
hsa-miR-30c,Duchenne muscular dystrophy (DMD),hsa-miR-452,0.0376
ZNF207,hsa-miR-218-1-3p,NONHSAG007371,0.0375
VPS8,hsa-let-7b-5p,TELO2,0.037
NONHSAG043327,hsa-miR-665,ASCC2,0.037
VPS8,hsa-let-7b-5p,TELO2,0.037
DNAJB1,ICD10:C759,PDGFRB,0.0369
CCNYL2,hsa-mir-142-3p,TRAF3IP3,0.0369
PTPRN2,ICD10:E9,HADH,0.0366
NDUFS3,ICD10:G318,SNCB,0.0365
LAT2,DOID:0060388,VPS37D,0.0362
ATRX,DOID:10241,HBG2,0.0361
hsa-mir-140-3p,MALAT1,hsa-miR-5583-3p,0.036
MEF2C,ICD10:G969,AARS1,0.0355
MEF2C,ICD10:G969,AARS1,0.0355
NONHSAG022380,hsa-miR-429,NONHSAG048240,0.0354
KLK6,DOID:10283,AR,0.0353
AC068039.4,hsa-miR-500b,ATP5B,0.0352
CHURC1,hsa-miR-3167,NONHSAG039640,0.0352
NAGA,ICD10:G,VPS13D,0.0352
NONHSAG004615,hsa-miR-130b-3p,AMZ2P1,0.0352
SLC24A3,ICD10:G4,ATN1,0.0351
SLC24A3,ICD10:G4,ATN1,0.0351
PJA2,hsa-mir-15a/15b/16/1,DERL3,0.035
hsa-miR-135a,malignant melanoma,hsa-miR-144,0.035
miR-186-5p,NEAT1,miR-124,0.0348
NONHSAG007344,hsa-mir-615-3p,NONHSAG027608,0.0347
SPARC,ICD10:Q78,SNX10,0.0346
SPARC,ICD10:Q78,SNX10,0.0346
hsa-miR-145-3p,NDUFAF2,DOID:0060536,0.0344
NONHSAG042683,hsa-miR-543,MCTP1,0.0343
NONHSAG042683,hsa-miR-543,MCTP1,0.0343
CLPS,DOID:2978,PTPN1,0.0342
NONHSAG006912,hsa-miR-218-1-3p,NONHSAG007371,0.0342
HLA-DMB,hsa-miR-125b-5p,NONHSAG007148,0.0341
HLA-DMB,hsa-miR-125b-5p,NONHSAG007148,0.0341
DNM2,hsa-miR-22-3p,AC096579.13,0.034
KIAA1524,hsa-miR-200b-5p,TMEM150A,0.034
DNM2,hsa-miR-22-3p,AC096579.13,0.034
ICD10:C,RNF43,ICD10:C221,0.034
SLC22A5,ICD10:K5,SULT1A1,0.034
KIAA1524,hsa-miR-200b-5p,TMEM150A,0.034
DNM2,hsa-miR-22-3p,AC096579.13,0.034
SLC22A5,ICD10:K5,SULT1A1,0.034
IFT140,ICD10:Q6,MAPKBP1,0.0339
SERPINC1,ICD10:G96,SLC30A10,0.0339
IFT140,ICD10:Q6,MAPKBP1,0.0339
IFT140,ICD10:Q6,MAPKBP1,0.0339
IFT140,ICD10:Q6,MAPKBP1,0.0339
LY6K,hsa-miR-3129-5p,PTP4A1,0.0339
NONHSAG036740,hsa-miR-668-3p,RRBP1,0.0335
KIAA0430,hsa-miR-211-3p,GORASP2,0.0335
NFE2L1,hsa-mir-28-3p,RP11-549J18.1,0.0328
DOID:12217,SNCA,DOID:4752,0.0328
DOID:10763,OXT,DOID:1510,0.0326
ANKRD18A,hsa-miR-3184-3p,NONHSAG003041,0.0324
GJB6,ICD10:H939,GJB2,0.032
GJB6,ICD10:H939,GJB2,0.032
GJB6,ICD10:H939,GJB2,0.032
HLA-C,ICD10:L30,LCE3B,0.032
NONHSAG023666,hsa-mir-181b-3p,CLNS1A,0.0319
ESR1,ICD10:D2,GNRH1,0.0319
PRSS53,hsa-miR-378a-5p,ITSN1,0.0318
CCNC,hsa-miR-487a,NONHSAG043577,0.0311
RP11-10J21.4,hsa-miR-449a,LINC00674,0.0311
CCNC,hsa-miR-487a,NONHSAG043577,0.0311
AC074117.10,hsa-mir-374a-3p,NONHSAG040409,0.031
CSF2,ICD10:J4,EPX,0.0308
hsa-miR-495-3p,CTA-204B4.6,hsa-miR-2054,0.0298
RP11-248G5.8,hsa-mir-28-3p,PFDN1,0.0297
RP11-362K14.5,hsa-let-7a-2,ETFDH,0.0296
RP11-362K14.5,hsa-let-7a-2,ETFDH,0.0296
NONHSAG033214,hsa-miR-520d-5p,KIFAP3,0.0295
SKP2,ICD10:D4,RIPK1,0.0295
NONHSAG044579,hsa-mir-181a/181b/18,OSBPL8,0.0295
NONHSAG033214,hsa-miR-520d-5p,KIFAP3,0.0295
hsa-miR-18b,multiple sclerosis,hsa-miR-1275,0.0294
MLLT1,DOID:1240,TET2,0.0294
MLLT1,DOID:1240,TET2,0.0294
hsa-miR-876-5p,NYX,DOID:0050534,0.0293
INS-IGF2,DOID:2978,CLPS,0.0293
CTRL,DOID:934,IFNA10,0.0292
SLC25A13,hsa-miR-133b,AKAP8L,0.0291
VEZF1,ICD10:I519,FLII,0.029
HLA-DQA1,ICD10:E03,TSHR,0.029
HLA-DQA1,ICD10:E03,TSHR,0.029
CEP164P1,hsa-mir-1,NONHSAG044958,0.029
NONHSAG037334,hsa-miR-378d,NONHSAG043790,0.029
SCAMP1,hsa-miR-4306,NONHSAG034566,0.0289
ACOX1,ICD10:E756,GNPTG,0.0289
SCAMP1,hsa-miR-4306,NONHSAG034566,0.0289
ACOX1,ICD10:E756,GNPTG,0.0289
ACOX1,ICD10:E756,GNPTG,0.0289
AREG,ICD10:J984,CHRNA3,0.0288
AREG,ICD10:J984,CHRNA3,0.0288
PTPRC,DOID:2355,KIF23,0.0283
HOXC-AS2,hsa-miR-1306-3p,IL20RB-AS1,0.0282
LOC728613,hsa-mir-615-3p,Gm15290,0.0281
AC023085.1,hsa-miR-365a-3p,NONHSAG048488,0.028
AC023085.1,hsa-miR-365a-3p,NONHSAG048488,0.028
hsa-miR-132-3p,SNHG5,miR-26a-5p,0.0276
hsa-miR-132-3p,SNHG5,miR-26a-5p,0.0276
MYOC,ICD10:H40,EFEMP1,0.0276
NONHSAG019271,hsa-miR-382-5p,ATXN2,0.0275
OGFOD3,hsa-miR-551b-5p,NONHSAG021667,0.0274
OGFOD3,hsa-miR-551b-5p,NONHSAG021667,0.0274
NONHSAG016424,hsa-miR-200b-5p,RP3-430N8.11,0.0272
NONHSAG037792,hsa-mir-130a-3p,RP11-461A8.1,0.0271
AKR1B1,DOID:4194,SUMO4,0.027
AKR1B1,DOID:4194,SUMO4,0.027
LOC100506548,miR-489,CHMP1B,0.0269
MTRF1,hsa-mir-137,UNKL,0.0268
COL17A1,ICD10:L30,CCR4,0.0268
VHL,DOID:1287,GATA5,0.0267
PPAPDC1B,hsa-miR-330-3p,MIR3188,0.0267
PPAPDC1B,hsa-miR-330-3p,MIR3188,0.0267
CLPTM1L,DOID:48,CFTR,0.0266
DOID:3910,AKT1,ICD10:C71,0.0266
CLPTM1L,DOID:48,CFTR,0.0266
RP11-66N24.4,hsa-miR-3184-3p,NONHSAG003041,0.0266
DOID:3910,AKT1,ICD10:C71,0.0266
hsa-mir-1248,RP11-805I24.1,hsa-miR-2392,0.0266
hsa-mir-1248,RP11-805I24.1,hsa-miR-2392,0.0266
RP11-30L4.5,hsa-miR-106a-3p,LINC00984,0.0264
FAM118B,hsa-miR-23c,PAPOLA,0.0263
FAM118B,hsa-miR-23c,PAPOLA,0.0263
FAM118B,hsa-miR-23c,PAPOLA,0.0263
FAM118B,hsa-miR-23c,PAPOLA,0.0263
HTR3A,ICD10:G93,CHRNA4,0.0262
hsa-miR-9-1,breast cancer,hsa-miR-510,0.0259
hsa-miR-9-1,breast cancer,hsa-miR-510,0.0259
hsa-miR-9-1,breast cancer,hsa-miR-510,0.0259
GTF2H1,hsa-miR-141-3p,NONHSAG044174,0.0258
CTD-2201E18.3,hsa-miR-147b,JAZF1-AS1,0.0257
MARC1,ICD10:E7,D2HGDH,0.0257
NORAD,miR-495-3p,FAM83A-AS1,0.0256
CYP3A4,ICD10:K76,HSD17B13,0.0256
RP1-234P15.4,hsa-miR-214-5p,NONHSAG035199,0.0255
RP1-234P15.4,hsa-miR-214-5p,NONHSAG035199,0.0255
RP1-234P15.4,hsa-miR-214-5p,NONHSAG035199,0.0255
DOID:2786,ZFHX3,DOID:0050650,0.0254
hsa-miR-3150b-5p,BCYRN1,hsa-miR-4507,0.0254
DOID:2786,ZFHX3,DOID:0050650,0.0254
hsa-miR-3150b-5p,BCYRN1,hsa-miR-4507,0.0254
RP11-169D4.1,hsa-miR-106a-3p,LINC00984,0.0254
RP11-169D4.1,hsa-miR-106a-3p,LINC00984,0.0254
SAMSN1,hsa-miR-379-3p,NONHSAG049466,0.0253
AC064872.1,hsa-miR-6504-3p,ETV5,0.0253
DOID:229,AR,ICD10:Q5,0.0252
DOID:229,AR,ICD10:Q5,0.0252
NONHSAG040031,hsa-miR-670,AC011753.7,0.0249
hsa-miR-638,lupus nephritis,hsa-miR-601,0.0249
CHM,DOID:3480,EIF1AX,0.0249
TMA16P1,hsa-miR-188-3p,RP11-356I2.4,0.0249
hsa-miR-638,lupus nephritis,hsa-miR-601,0.0249
TSEN54,hsa-miR-491-3p,NONHSAG033960,0.0249
DOID:0081044,ALX4,DOID:0111687,0.0249
DOID:0081044,ALX4,DOID:0111687,0.0249
hsa-miR-638,lupus nephritis,hsa-miR-601,0.0249
TMA16P1,hsa-miR-188-3p,RP11-356I2.4,0.0249
CAPN7,hsa-miR-5590-3p,NONHSAG032559,0.0246
POLR3E,hsa-miR-33b-3p,NONHSAG039040,0.0246
PNPLA2,DOID:0060158,EIF2S3,0.0246
RORA,DOID:1579,MMP15,0.0245
SPTA1,ICD10:D649,RPL15,0.0242
SOGA2,hsa-let-7d-3p,ZNF503-AS2,0.0242
renal clear cell carcinoma,hsa-miR-320,cardiomyopathy,0.0241
NONHSAG052830,hsa-mir-324-3p,NONHSAG051650,0.0241
limb-girdle muscular dystrophies types 2A (LGMD2A),hsa-miR-382,miyoshi myopathy (MM),0.0239
limb-girdle muscular dystrophies types 2A (LGMD2A),hsa-miR-382,miyoshi myopathy (MM),0.0239
ICD10:E75,PPARG,DOID:0080299,0.0238
OFD1,ICD10:G969,PNKD,0.0237
hsa-let-7i-5p,RNASEH2B,DOID:0050629,0.0236
PLCE1,DOID:6364,KCNK5,0.0236
NONHSAG013565,hsa-miR-3118,C12orf45,0.0236
ICD10:I81,AFP,DOID:687,0.0236
NONHSAG013565,hsa-miR-3118,C12orf45,0.0236
C1QTNF9-AS1,hsa-miR-9-5p,SHOC2,0.0236
NONHSAG004265,hsa-miR-485-3p,RBBP9,0.0236
PLCE1,DOID:6364,KCNK5,0.0236
RP11-1149O23.2,hsa-miR-139-3p,NONHSAG015108,0.0234
DOID:649,C1QC,ICD10:A81,0.0234
hsa-miR-429,WDR11,DOID:1924,0.0234
LRRC14,hsa-miR-6893-3p,CTB-50L17.5,0.0234
TET2,DOID:1240,MLLT1,0.0232
HOXA-AS3,hsa-miR-200a-5p,NONHSAG027755,0.0232
RP11-359E10.1,hsa-miR-5688,NONHSAG054710,0.0232
NONHSAG003894,hsa-miR-506-3p,ZDHHC20,0.0229
NONHSAG025975,hsa-miR-1271-3p,NONHSAG043482,0.0228
HGD,DOID:0014667,PHGDH,0.0228
CD2AP,hsa-miR-5590-3p,NONHSAG021038,0.0227
CD2AP,hsa-miR-5590-3p,NONHSAG021038,0.0227
CD2AP,hsa-miR-5590-3p,NONHSAG021038,0.0227
CTD-2033A16.3,hsa-miR-502-5p,NONHSAG037390,0.0226
RP11-961A15.1,hsa-miR-23c,PAPOLA,0.0225
PRUNE2,hsa-mir-216b,MRPL34,0.0223
RP11-498C9.16,hsa-miR-154-3p,RNF146,0.0222
BRAF,DOID:4947,BAP1,0.0222
RP11-498C9.16,hsa-miR-154-3p,RNF146,0.0222
SCAPER,ICD10:H359,MYO7A,0.022
SCAPER,ICD10:H359,MYO7A,0.022
ABCA7,DOID:680,FUS,0.0219
ABCA7,DOID:680,FUS,0.0219
GRIP1,DOID:0050177,SPRED1,0.0217
TMEM254-AS1,hsa-miR-590-3p,LYPLAL1,0.0216
RP4-794H19.1,hsa-miR-129-2-3p,LINC00883,0.0215
RP4-794H19.1,hsa-miR-129-2-3p,LINC00883,0.0215
CTSA,hsa-mir-34c-5p,LOC100129550,0.0214
CTSA,hsa-mir-34c-5p,LOC100129550,0.0214
AC016629.8,hsa-miR-665,NONHSAG006055,0.0213
IGFBP5,DOID:850,TWIST2,0.0213
DOID:4195,ACE,ICD10:I34,0.0213
DOID:4195,ACE,ICD10:I34,0.0213
SIX6,ICD10:H279,GJA8,0.0213
DOID:4195,ACE,ICD10:I34,0.0213
POLR3A,DOID:225,LMOD1,0.0211
POLR3A,DOID:225,LMOD1,0.0211
DOID:28,TRHR,DOID:0050328,0.0211
DOID:28,TRHR,DOID:0050328,0.0211
NONHSAG026526,hsa-miR-378h,EIF4A1P9,0.0209
NONHSAG000483,hsa-miR-520e,NONHSAG015355,0.0208
AC011753.7,hsa-miR-670,CASP4,0.0208
AC011753.7,hsa-miR-670,CASP4,0.0208
INO80B,hsa-miR-3681-3p,RAD54L2,0.0208
KIAA1551,hsa-miR-23a-3p,RP11-160H22.5,0.0208
KIAA1551,hsa-miR-23a-3p,RP11-160H22.5,0.0208
DOID:2163,GSDMB,DOID:0080815,0.0206
RP3-486L4.4,hsa-miR-377-3p,LINC00689,0.0206
UTP25,DOID:9296,WNT9B,0.0203
hsa-miR-3662,RP1-211D12.3,hsa-miR-6128,0.0203
RPPH1,hsa-mir-137,GNPDA2,0.0203
RPPH1,hsa-mir-137,GNPDA2,0.0203
AC006465.3,hsa-miR-4782-5p,NONHSAG031853,0.0203
UTP25,DOID:9296,WNT9B,0.0203
SCLT1,DOID:5614,RBP3,0.0202
SCLT1,DOID:5614,RBP3,0.0202
SCLT1,DOID:5614,RBP3,0.0202
WASHC5,ICD10:G114,DDHD1,0.02
SERTAD3,hsa-miR-188-3p,TMA16P1,0.0199
SERTAD3,hsa-miR-188-3p,TMA16P1,0.0199
SERTAD3,hsa-miR-188-3p,TMA16P1,0.0199
JAK1,ICD10:G939,SUMF1,0.0198
DOID:870,CKB,DOID:9408,0.0198
PDE7A,hsa-mir-6807,RP3-399L15.3,0.0198
PDE7A,hsa-mir-6807,RP3-399L15.3,0.0198
FAM211A,hsa-mir-200c-3p,TMEM70,0.0198
CAST,ICD10:L27,KIF3A,0.0198
hsa-miR-196a,colorectal cancer,hsa-miR-192,0.0196
CAPZA2,hsa-miR-30b-3p,RP11-135L13.4,0.0195
SART3,hsa-miR-326,IPO9-AS1,0.0195
AP2A1,hsa-miR-376a-3p,NONHSAG053227,0.0193
FAM89A,hsa-miR-485-3p,RP11-725D20.1,0.0193
WDR4,hsa-miR-130b-3p,PSMD6-AS2,0.0193
FAM89A,hsa-miR-485-3p,RP11-725D20.1,0.0193
PTP4A1P1,hsa-miR-16-1-3p,PARP16,0.0189
DYSF,DOID:0110274,DMD,0.0188
DYSF,DOID:0110274,DMD,0.0188
hsa-mir-331-3p,RPPH1,hsa-miR-3191-5p,0.0186
NCOA6,hsa-let-7a-2,NONHSAG001563,0.0186
NCOA6,hsa-let-7a-2,NONHSAG001563,0.0186
NONHSAG042478,hsa-mir-1,CEP164P1,0.0185
PRKN,DOID:0080578,CTC1,0.0185
NONHSAG037390,hsa-miR-502-5p,SACM1L,0.0184
NONHSAG037390,hsa-miR-502-5p,SACM1L,0.0184
PIK3C2B,ICD10:C80,STYK1,0.0181
SNX2,hsa-miR-876-5p,PITPNA-AS1,0.0181
TMEM138,hsa-miR-376b-3p,NONHSAG012846,0.018
TMEM138,hsa-miR-376b-3p,NONHSAG012846,0.018
LINC00339,hsa-miR-338-3p,CPSF4,0.0179
LINC00339,hsa-miR-338-3p,CPSF4,0.0179
JAZF1,ICD10:E,PPM1K,0.0179
DOID:0080639,EWSR1,DOID:0060100,0.0179
LINC00339,hsa-miR-338-3p,CPSF4,0.0179
SENP5,hsa-let-7g-5p,GOLGA2B,0.0178
FLAD1,hsa-miR-363-5p,RP11-403P17.3,0.0177
hsa-miR-34a*,Malignant mesothelioma (MM),hsa-miR-144*,0.0177
UNC80,ICD10:G969,NOTCH2NLC,0.0177
GSTP1,hsa-mir-103a-2-5p,RPRD1B,0.0177
DRG2,hsa-mir-24-1,AC084219.3,0.0177
UNC80,ICD10:G969,NOTCH2NLC,0.0177
hsa-miR-34a*,Malignant mesothelioma (MM),hsa-miR-144*,0.0177
CCNE2,hsa-miR-520b,MAGI2-AS3,0.0176
TRIM5,DOID:0050117,CCR2,0.0176
WAC,hsa-miR-378b,AC005329.7,0.0175
WAC,hsa-miR-378b,AC005329.7,0.0175
WAC,hsa-miR-378b,AC005329.7,0.0175
GATAD1,DOID:1287,VHL,0.0174
MAP2K4,hsa-let-7d-3p,ZNF503-AS2,0.0174
POU3F1,DOID:417,CD84,0.0171
POU3F1,DOID:417,CD84,0.0171
POU3F1,DOID:417,CD84,0.0171
ICD10:C2,NDC80,ICD10:K8,0.017
OMIM:105200,B2M,ICD10:C90,0.017
hsa-mir-137,RPPH1,hsa-miR-3191-5p,0.0167
NONHSAG026692,hsa-miR-501-3p,RP11-506M13.3,0.0166
NONHSAG026692,hsa-miR-501-3p,RP11-506M13.3,0.0166
RP11-65J21.3,hsa-mir-494-3p,FAM126B,0.0165
hsa-miR-3646,LINC00461,hsa-miR-3190-3p,0.0164
hsa-miR-3646,LINC00461,hsa-miR-3190-3p,0.0164
NONHSAG052422,hsa-miR-6835-3p,PPIE,0.0162
NONHSAG052422,hsa-miR-6835-3p,PPIE,0.0162
NONHSAG052422,hsa-miR-6835-3p,PPIE,0.0162
NONHSAG038617,hsa-miR-378e,RP11-69E11.8,0.0161
hsa-miR-1224-3p,NONHSAG004866,hsa-miR-3672,0.0161
XXbac-B444P24.8,hsa-miR-149-3p,BCAT2,0.0159
XXbac-B444P24.8,hsa-miR-149-3p,BCAT2,0.0159
CMTM7,hsa-mir-122,RP11-248B10.3,0.0159
DOID:4897,LAMA2,DOID:9884,0.0158
hsa-miR-1915-3p,CTA-204B4.6,hsa-miR-513a-3p,0.0158
miR-17-3p,PVT1,miR-17-5p,0.0158
PRDM16,DOID:654,DPP4,0.0157
MYLK,hsa-miR-135b-5p,NONHSAG052096,0.0157
RP11-680F8.4,hsa-miR-106a-3p,RP11-383C5.5,0.0155
RP11-680F8.4,hsa-miR-106a-3p,RP11-383C5.5,0.0155
NONHSAG053535,hsa-miR-219-5p,NONHSAG045479,0.0154
TNFRSF10A,ICD10:M1,NOS2,0.0154
NONHSAG053535,hsa-miR-219-5p,NONHSAG045479,0.0154
CNOT7,hsa-miR-382-5p,ATXN2,0.0154
NONHSAG053535,hsa-miR-219-5p,NONHSAG045479,0.0154
NR3C2,DOID:12028,CYP11B2,0.0154
TAF9,hsa-mir-93-3p,NONHSAG022922,0.0153
hsa-miR-4459,RP11-469M7.1,hsa-miR-548b-3p,0.0153
TAF9,hsa-mir-93-3p,NONHSAG022922,0.0153
DOID:0050161,CYP2A6,ICD10:J449,0.0153
TAF9,hsa-mir-93-3p,NONHSAG022922,0.0153
MRPL3P1,hsa-miR-379-3p,NONHSAG049466,0.0153
DOID:0050161,CYP2A6,ICD10:J449,0.0153
42068,hsa-mir-128,RP11-355B11.2,0.0152
SORBS1,hsa-mir-193a-3p/193b,AZIN1,0.0152
RPS4Y1,hsa-miR-23a-3p,APLP2,0.0151
RPS4Y1,hsa-miR-23a-3p,APLP2,0.0151
NONHSAG043581,hsa-miR-218-1-3p,NONHSAG007371,0.0151
NONHSAG043581,hsa-miR-218-1-3p,NONHSAG007371,0.0151
TMEM69,hsa-miR-520c-3p,ST7L,0.015
hsa-miR-339-5p,neurodegeneration,hsa-miR-342-3p,0.015
DOID:9799,WHRN,DOID:0110827,0.0148
NONHSAG047667,hsa-miR-376b-3p,NONHSAG033244,0.0148
NONHSAG047667,hsa-miR-376b-3p,NONHSAG033244,0.0148
MAGI2-AS3,hsa-miR-520b,RP11-15H20.5,0.0148
NONHSAG047667,hsa-miR-376b-3p,NONHSAG033244,0.0148
POMT2,DOID:423,TNNT1,0.0147
POMT2,DOID:423,TNNT1,0.0147
ATP6V0C,ICD10:G96,LMX1B,0.0147
NES,ICD10:G,CX3CR1,0.0146
DPM2,ICD10:G71,SGCB,0.0145
TNFRSF1A,DOID:9120,LACRT,0.0145
UGGT1,hsa-miR-127-5p,C1orf159,0.0145
FAM173A,hsa-mir-200c-3p,TMEM70,0.0145
DPM2,ICD10:G71,SGCB,0.0145
UGGT1,hsa-miR-127-5p,C1orf159,0.0145
CTBS,hsa-mir-196a-2,RP3-467N11.2,0.0145
COA5,hsa-mir-200c-3p,FAM211A,0.0144
ATOX1,ICD10:E83,DNAH8,0.0144
PSEN2,ICD10:root,YWHAQ,0.0144
NONHSAG039475,hsa-mir-301a-3p,NONHSAG055328,0.0144
MARS,hsa-miR-92b-3p,C10orf88,0.0144
DOID:0050646,ECEL1,ICD10:Q743,0.0143
DOID:0050646,ECEL1,ICD10:Q743,0.0143
NONHSAG003032,hsa-miR-670,CASP4,0.0142
TXNDC15,hsa-mir-193b-3p,RP11-400D2.2,0.0142
NONHSAG044174,hsa-miR-141-3p,NONHSAG013318,0.0141
NONHSAG053896,hsa-mir-142-3p,SS18L1,0.0141
KCNA4,ICD10:G969,NOTCH2NLC,0.0141
NONHSAG053896,hsa-mir-142-3p,SS18L1,0.0141
KCNA4,ICD10:G969,NOTCH2NLC,0.0141
PSMD5,hsa-miR-125b-5p,SYVN1,0.014
RP11-650J17.1,hsa-mir-122,RP11-248B10.3,0.014
RP11-650J17.1,hsa-mir-122,RP11-248B10.3,0.014
ICD10:F840,OXTR,ICD10:F41,0.0137
CEP120,ICD10:root,CSPP1,0.0137
DOID:3451,GLI2,DOID:4706,0.0136
KIAA1429,hsa-mir-25-3p,PRUNE,0.0136
LITAF,DOID:440,LRSAM1,0.0136
ERCC4,ICD10:D61,FAAP100,0.0136
CNOT4,hsa-mir-150,NONHSAG014700,0.0136
DOID:3451,GLI2,DOID:4706,0.0136
DOID:3451,GLI2,DOID:4706,0.0136
LITAF,DOID:440,LRSAM1,0.0136
hsa-miR-4490,RP1-211D12.3,hsa-miR-3662,0.0135
NONHSAG043850,hsa-miR-3184-3p,NONHSAG003041,0.0135
NONHSAG043850,hsa-miR-3184-3p,NONHSAG003041,0.0135
CCR10,ICD10:L27,KIF3A,0.0134
CCR10,ICD10:L27,KIF3A,0.0134
RP11-343H5.4,hsa-mir-15a/15b/16/1,ANAPC10,0.0134
CHRNA4,ICD10:G93,SLC31A1,0.0133
CHRNA4,ICD10:G93,SLC31A1,0.0133
CD1D,DOID:75,MALT1,0.0133
CHRNA4,ICD10:G93,SLC31A1,0.0133
CHRNA4,ICD10:G93,SLC31A1,0.0133
NONHSAG030823,hsa-miR-520f,RP11-37B2.1,0.0133
ICD10:K830,GPT,DOID:1574,0.0133
NONHSAG043011,hsa-miR-503-3p,RPL19,0.0132
RPI002_004205,hsa-miR-433,NONHSAG030655,0.0132
PDHX,hsa-mir-107,NONHSAG033553,0.0131
DLD,hsa-miR-503-3p,AP003068.6,0.0131
RP11-488C13.7,hsa-mir-222,NONHSAG055189,0.0131
ITM2BP1,hsa-miR-495-3p,RP11-544L8__B.4,0.0131
RP11-488C13.7,hsa-mir-222,NONHSAG055189,0.0131
LRCH4,hsa-mir-10a-3p,TRAPPC12,0.0131
CUTA,hsa-mir-23b-3p,RP11-483H11.1,0.0131
RP11-488C13.7,hsa-mir-222,NONHSAG055189,0.0131
DOID:1909,SLC45A2,DOID:0050632,0.013
PRKCG,DOID:1289,GAN,0.013
C9,hsa-miR-212-5p,NONHSAG029109,0.013
C9,hsa-miR-212-5p,NONHSAG029109,0.013
RPL39P5,hsa-miR-145-3p,TMEM116,0.0129
RP11-498C9.3,hsa-miR-454-3p,RAI14,0.0128
CTSD,DOID:612,GPR35,0.0128
CHD4,hsa-mir-342-3p,PHF13,0.0127
MBOAT7,ICD10:E9,TPK1,0.0127
DOID:1923,FTHL17,DOID:14448,0.0127
DOID:1923,FTHL17,DOID:14448,0.0127
PARP8,hsa-miR-132-3p,MRPL10,0.0126
hsa-miR-365a-3p,LDLR,DOID:520,0.0126
NDUFS7,hsa-miR-365b-3p,AHSA1,0.0126
NDUFS7,hsa-miR-365b-3p,AHSA1,0.0126
hsa-miR-365a-3p,LDLR,DOID:520,0.0126
ENTPD1-AS1,hsa-miR-106a-3p,LINC00984,0.0125
ICD10:C50,BRCA2,DOID:8029,0.0125
ICD10:C50,BRCA2,DOID:8029,0.0125
DPH7,hsa-miR-422a,NONHSAG033092,0.0124
NONHSAG054675,hsa-miR-491-3p,AC132872.1,0.0124
DPH7,hsa-miR-422a,NONHSAG033092,0.0124
hsa-miR-30c-2,Glomerulosclerosis,hsa-miR-28,0.0124
CD63,hsa-miR-326,IPO9-AS1,0.0123
POLG,DOID:3762,ETHE1,0.0123
hsa-miR-130,Spinocerebellar ataxia 1,hsa-miR-19,0.0123
NONHSAG006016,hsa-miR-9-5p,SHOC2,0.0123
PPP4R1,hsa-miR-152,asthma,0.0123
NONHSAG002702,hsa-mir-142-3p,TRAF3IP3,0.0123
POLG,DOID:3762,ETHE1,0.0123
hsa-miR-539-3p,XIST,hsa-mir-4651,0.0123
PPP4R1,hsa-miR-152,asthma,0.0123
ICD10:H93,SLC26A4,DOID:12176,0.0121
NONHSAG032899,hsa-miR-136-3p,QTRTD1,0.0121
NONHSAG012556,hsa-miR-205-5p,NONHSAG048263,0.012
hsa-miR-193b,breast cancer,hsa-miR-510,0.012
NONHSAG004840,hsa-miR-520f,RP11-19J5.1,0.012
hsa-miR-133b,EYA1,DOID:14702,0.0119
hsa-miR-133b,EYA1,DOID:14702,0.0119
TNXB,ICD10:Q79,COL3A1,0.0119
SOX18,DOID:421,SMARCA2,0.0119
PADI6,DOID:7148,AFF3,0.0117
PADI6,DOID:7148,AFF3,0.0117
Cerebellar neurodegeneration,hsa-miR-1,cardiomyopathy,0.0117
RHOB,DOID:3996,RAC1,0.0117
FILIP1L,DOID:10871,ARMS2,0.0117
NELFCD,miR-489,CHMP1B,0.0116
LINC00668,hsa-miR-144-3p,CTC-273B12.6,0.0116
PCARE,ICD10:H,RD3,0.0116
RP11-344E13.3,hsa-miR-18b-5p,NONHSAG020333,0.0116
RP11-174G6.5,hsa-miR-378c,RP5-1142A6.7,0.0116
NELFCD,miR-489,CHMP1B,0.0116
GPC3,ICD10:C8,ORAI1,0.0115
NONHSAG015108,hsa-miR-139-3p,MXD1,0.0115
PPP6R3,hsa-miR-382-5p,ATXN2,0.0115
TMEM41B,hsa-mir-181c,NONHSAG039457,0.0115
TMEM41B,hsa-mir-181c,NONHSAG039457,0.0115
LY75,hsa-miR-23c,PAPOLA,0.0114
ICD10:G629,TTR,ICD10:G56,0.0114
ICD10:G629,TTR,ICD10:G56,0.0114
FLNB-AS1,hsa-miR-106a-3p,RP11-383C5.5,0.0114
PHF13,hsa-mir-342-3p,TIMM23,0.0114
RNF141,hsa-miR-185-3p,RP3-475N16.1,0.0113
RP5-1180C10.2,hsa-miR-129-2-3p,RP4-794H19.1,0.0113
STAT4,DOID:9074,FCGR2B,0.0113
TRA2B,hsa-miR-1251,RP3-327A19.5,0.0112
APPL1,DOID:0050177,DAG1,0.0112
STXBP3,hsa-miR-655-3p,SERPINI1,0.0112
EDN3,DOID:77,ZEB2,0.0112
SLC41A1,ICD10:Q6,MAPKBP1,0.0112
KRT5,DOID:0050639,CST3,0.0112
RP11-770J1.5,hsa-miR-1224-3p,FUBP3,0.0112
KRT5,DOID:0050639,CST3,0.0112
STXBP3,hsa-miR-655-3p,SERPINI1,0.0112
EDN3,DOID:77,ZEB2,0.0112
APPL1,DOID:0050177,DAG1,0.0112
SLC41A1,ICD10:Q6,MAPKBP1,0.0112
RANBP1,hsa-miR-378d,NONHSAG043790,0.0111
ICD10:K743,HLA-DQA1,ICD10:L71,0.0111
STAG3,DOID:2277,SRY,0.0111
LCK,ICD10:C,AFDN,0.0111
H1-5,DOID:3324,ZNF804A,0.0111
LCK,ICD10:C,AFDN,0.0111
NONHSAG001563,hsa-let-7a-2,ETFDH,0.011
WDR61,hsa-miR-495-3p,RP11-544L8__B.4,0.0109
WDR61,hsa-miR-495-3p,RP11-544L8__B.4,0.0109
WDR26,hsa-miR-369-3p,RP11-86H7.7,0.0108
WDR26,hsa-miR-369-3p,RP11-86H7.7,0.0108
MAGT1,ICD10:E88,TPMT,0.0108
AMN,DOID:74,KCNN4,0.0108
FECH,DOID:655,NDUFA1,0.0108
AMN,DOID:74,KCNN4,0.0108
AC005606.14,hsa-miR-146a-3p,HNRNPA2B1,0.0107
EIF3E,hsa-miR-135a2,NONHSAG017341,0.0106
DCTN1,ICD10:root,UGT1A6,0.0106
AGO3,hsa-mir-6838,ZNF177,0.0106
EIF3E,hsa-miR-135a2,NONHSAG017341,0.0106
EIF3E,hsa-miR-135a2,NONHSAG017341,0.0106
CAMP,DOID:16,CD151,0.0106
ANXA1,hsa-miR-374b-3p,C1orf109,0.0105
SUMO4,DOID:4194,AKR1B1,0.0105
ZXDC,hsa-miR-495-3p,NONHSAG006059,0.0105
TPMT,ICD10:E88,ECHS1,0.0105
NONHSAG013514,hsa-miR-455-3p,TNPO1,0.0104
GUCY2C,ICD10:C,PXN,0.0104
B3GNTL1,hsa-miR-211-3p,GORASP2,0.0104
ICD10:L30,CCR4,DOID:3042,0.0104
NONHSAG013514,hsa-miR-455-3p,TNPO1,0.0104
B3GNTL1,hsa-miR-211-3p,GORASP2,0.0104
PTP4A2,hsa-miR-323a-3p,NONHSAG047380,0.0104
NONHSAG051356,hsa-miR-363-5p,LINC00094,0.0103
RNASEK-C17orf49,hsa-miR-4458,NONHSAG009780,0.0103
ICD10:L5,ADGRE2,DOID:1554,0.0103
TACR3,DOID:0060429,DYRK1A,0.0103
NONHSAG055189,hsa-mir-222,CDK16,0.0103
NONHSAG051356,hsa-miR-363-5p,LINC00094,0.0103
A2M,ICD10:E9,HADH,0.0101
A2M,ICD10:E9,HADH,0.0101
TAZ,hsa-miR-195-3p,BTBD2,0.01
FOXP1,ICD10:F900,ADRA2A,0.01
PPP2R5C,hsa-miR-362-5p,NONHSAG028808,0.0099
STS,ICD10:Q80,FLG,0.0099
DOID:0060394,AANAT,DOID:1932,0.0098
AHI1,ICD10:G93,CHRNA4,0.0098
AHI1,ICD10:G93,CHRNA4,0.0098
AIFM1,ICD10:G13,IGHMBP2,0.0097
TMEM87A,hsa-mir-142-3p,NONHSAG038800,0.0097
TMEM87A,hsa-mir-142-3p,NONHSAG038800,0.0097
NONHSAG029769,hsa-miR-146b-5p,NONHSAG007475,0.0097
NONHSAG029769,hsa-miR-146b-5p,NONHSAG007475,0.0097
DOID:0050718,SLC46A1,DOID:0111678,0.0097
CACYBP,hsa-miR-154-3p,SECISBP2,0.0096
SUPT4H1,hsa-miR-378h,SDCBP2-AS1,0.0096
hsa-miR-6088,ARID2,DOID:1925,0.0096
CTD-2589H19.4,hsa-mir-320a,CAR Intergenic 10,0.0096
CTD-2589H19.4,hsa-mir-320a,CAR Intergenic 10,0.0096
CACYBP,hsa-miR-154-3p,SECISBP2,0.0096
RP11-467L19.8,hsa-miR-519d,RP11-286E11.1,0.0095
RP11-467L19.8,hsa-miR-519d,RP11-286E11.1,0.0095
NONHSAG004062,hsa-miR-495-3p,NONHSAG042704,0.0095
hsa-miR-152,asthma,hsa-miR-148a,0.0094
LINC00661,hsa-miR-30b-3p,RP11-135L13.4,0.0094
CPT1C,ICD10:G114,DDHD1,0.0094
RASSF8,hsa-mir-615-3p,NONHSAG027608,0.0094
YBEY,hsa-mir-150,SREK1,0.0094
YBEY,hsa-mir-150,SREK1,0.0094
LINC00661,hsa-miR-30b-3p,RP11-135L13.4,0.0094
YBEY,hsa-mir-150,SREK1,0.0094
PPP1R18,hsa-mir-24-1,NONHSAG023101,0.0094
ILF3,DOID:178,GUCY1A1,0.0093
hsa-mir-1303,LA16c-360H6.3,hsa-miR-3944-3p,0.0093
hsa-mir-1303,LA16c-360H6.3,hsa-miR-3944-3p,0.0093
RBL2,DOID:771,AADAC,0.0093
RBM33,hsa-miR-204-3p,ZNF224,0.0093
hsa-mir-21-3p,ARID2,DOID:1925,0.0092
BBS2,DOID:374,AFF4,0.0092
NONHSAG002537,hsa-miR-500b,AC068039.4,0.0092
NONHSAG002537,hsa-miR-500b,AC068039.4,0.0092
TMEM70,hsa-mir-200c-3p,FAM211A,0.0092
KRT86,DOID:16,LIPH,0.0091
hsa-miR-193,papillary thyroid carcinoma (PTC),hsa-miR-29a-2,0.0091
hsa-miR-193,papillary thyroid carcinoma (PTC),hsa-miR-29a-2,0.0091
hsa-miR-374c-5p,NONHSAG017162,hsa-mir-191,0.0091
ICD10:Q87,ERCC3,DOID:0110849,0.0091
hsa-miR-374c-5p,NONHSAG017162,hsa-mir-191,0.0091
TSPAN12,DOID:5614,COL5A1,0.009
TAL2,ICD10:C,STING1,0.009
TAL2,ICD10:C,STING1,0.009
NONHSAG022392,hsa-mir-92a-1-5p,AC007040.6,0.0089
RUNX2,ICD10:Q,RAB23,0.0089
NONHSAG022392,hsa-mir-92a-1-5p,AC007040.6,0.0089
DOID:1037,BTK,DOID:2345,0.0088
DOID:1037,BTK,DOID:2345,0.0088
PNPO,ICD10:G4,ATN1,0.0087
PNPO,ICD10:G4,ATN1,0.0087
LDHA,ICD10:E74,G6PC2,0.0087
CHST14,DOID:854,PLOD1,0.0086
hsa-miR-495,dermatomyositis (DM),hsa-miR-382,0.0086
hsa-miR-199b-5p,RNASET2,DOID:10579,0.0086
F13A1,DOID:74,EPOR,0.0086
RP11-332H18.4,hsa-mir-148a,ZRANB2-AS1,0.0086
DOID:11198,DGCR8,ICD10:C64,0.0086
SYK,ICD10:C,ASPSCR1,0.0086
MIR181A1HG,hsa-miR-3167,QRICH1,0.0086
CHST14,DOID:854,PLOD1,0.0086
RTN4,hsa-miR-326,RP1-92O14.6,0.0086
ICD10:L,FLG,ICD10:Q80,0.0085
PPP6R2,hsa-miR-497-3p,NONHSAG010521,0.0084
hsa-miR-129-2,retinoblastoma,hsa-miR-492,0.0084
GUF1,hsa-miR-374b-3p,C1orf109,0.0084
PPP6R2,hsa-miR-497-3p,NONHSAG010521,0.0084
TMBIM1,hsa-mir-27a/27b,RNU4-25P,0.0084
hsa-miR-129-2,retinoblastoma,hsa-miR-492,0.0084
DOID:3883,KRAS,DOID:0060233,0.0083
NONHSAG028808,hsa-miR-362-5p,CARHSP1,0.0083
NONHSAG044429,miR-489,CHMP1B,0.0083
MVD,hsa-miR-301b,TTC28-AS1,0.0082
MVD,hsa-miR-301b,TTC28-AS1,0.0082
ABHD5,DOID:110,PANK4,0.0082
FLT3,DOID:1240,TET2,0.0082
DOID:11054,CDKN2A,ICD10:C10,0.0082
NFIB,ICD10:C10,CDKN2A,0.0082
IMMP1L,hsa-mir-125a-3p,ZNF677,0.0081
ACSF3,hsa-let-7f-5p,NONHSAG018213,0.0081
IMMP1L,hsa-mir-125a-3p,ZNF677,0.0081
LPCAT4,hsa-mir-324-3p,C2orf72,0.0081
DIXDC1,hsa-miR-204-3p,RP5-1092A3.4,0.0081
ACSF3,hsa-let-7f-5p,NONHSAG018213,0.0081
CWC15,hsa-mir-411,POMT1,0.0081
BBC3,hsa-miR-328,NONHSAG026597,0.0081
CA4,ICD10:H35,FZD4,0.0081
LPCAT4,hsa-mir-324-3p,C2orf72,0.0081
PPP1R3E,hsa-miR-300,NONHSAG035395,0.008
HLA-G,ICD10:D48,SDHC,0.008
NOTCH2,DOID:162,DPF1,0.008
ICD10:L279,FANCA,DOID:0111095,0.008
NOTCH2,DOID:162,DPF1,0.008
SCARNA17,hsa-mir-331-3p,AMPD2,0.008
NONHSAG033092,hsa-miR-422a,STARD7,0.0079
TNFAIP3,ICD10:M05,NFKBIE,0.0079
AC132872.1,hsa-miR-491-3p,NONHSAG033960,0.0079
CUDR,hsa-miR-185-3p,RP3-475N16.1,0.0079
RP11-112H10.6,hsa-miR-6893-3p,CTB-50L17.5,0.0078
hsa-miR-181d,breast cancer,hsa-miR-193b,0.0078
hsa-miR-181d,breast cancer,hsa-miR-193b,0.0078
AC004053.1,hsa-mir-10b-3p,NMRAL1,0.0077
CCDC78,DOID:0080015,PNPLA1,0.0077
AD000090.2,hsa-miR-551a,RP11-432J22.2,0.0077
AC004053.1,hsa-mir-10b-3p,NMRAL1,0.0077
AD000090.2,hsa-miR-551a,RP11-432J22.2,0.0077
AD000090.2,hsa-miR-551a,RP11-432J22.2,0.0077
CCDC78,DOID:0080015,PNPLA1,0.0077
hsa-mir-4508,XIST,hsa-miR-4758-3p,0.0076
DOID:3350,CD34,DOID:627,0.0076
RP11-379B18.5,hsa-miR-29a-5p,PVT1,0.0076
PLCD3,hsa-miR-320d,PCNP,0.0075
PPFIBP1,DOID:1826,TP53RK,0.0073
TRPV4,DOID:1289,POLG,0.0073
ADPGK-AS1,hsa-mir-148b,NUDT17,0.0072
STK25,hsa-miR-1306-3p,IL20RB-AS1,0.0072
ADPGK-AS1,hsa-mir-148b,NUDT17,0.0072
LAMA1,DOID:16,CAMP,0.0072
TTL,hsa-mir-15a/15b/16/1,ANAPC10,0.0071
RP11-181B11.2,hsa-miR-4782-5p,NONHSAG031853,0.0071
CD34,DOID:8692,IL3RA,0.0071
RP11-296K13.1,hsa-miR-432-5p,RP11-108M9.3,0.007
TG,ICD10:E0,DUOXA2,0.007
ICD10:E807,UGT1A6,ICD10:K80,0.007
hsa-miR-662,ovarian cancer (OC),hsa-miR-611,0.007
ICD10:E807,UGT1A6,ICD10:K80,0.007
NONHSAG037186,hsa-miR-425-5p,MED31,0.007
TGFBR2,DOID:5093,RAD51C,0.007
NONHSAG037186,hsa-miR-425-5p,MED31,0.007
DOID:865,PLG,DOID:11247,0.007
TG,ICD10:E0,DUOXA2,0.007
FAAP100,ICD10:D61,ERCC4,0.007
TG,ICD10:E0,DUOXA2,0.007
CLDN2,ICD10:E35,MCM4,0.007
DOID:10579,RNASET2,DOID:0081007,0.0069
ICD10:J98,FGFR3,ICD10:Q870,0.0069
NONHSAG014894,hsa-miR-205-5p,RP11-539L10.2,0.0069
NONHSAG021046,hsa-miR-369-3p,WDR26,0.0069
hsa-miR-212,hepatocellular carcinoma (HCC),hsa-miR-103-2,0.0069
PHC1,ICD10:Q0,CIT,0.0069
PSMD6-AS2,hsa-miR-130b-3p,AMZ2P1,0.0069
PSMD6-AS2,hsa-miR-130b-3p,AMZ2P1,0.0069
DOID:10579,RNASET2,DOID:0081007,0.0069
NONHSAG036893,hsa-mir-200c-3p,FAM211A,0.0069
hsa-miR-212,hepatocellular carcinoma (HCC),hsa-miR-103-2,0.0069
NONHSAG014894,hsa-miR-205-5p,RP11-539L10.2,0.0069
MYO19,hsa-miR-874,GPS1,0.0068
DOID:0080829,NF1,DOID:5151,0.0068
miR-124-3p,NEAT1,miR-124,0.0068
miR-124-3p,NEAT1,miR-124,0.0068
miR-124-3p,NEAT1,miR-124,0.0068
HLA-DPB1,DOID:77,IL21,0.0068
RP4-794H19.4,hsa-miR-378c,RP5-1142A6.7,0.0068
RBM14,hsa-miR-5688,RP11-192H23.4,0.0068
RBM14,hsa-miR-5688,RP11-192H23.4,0.0068
miR-124-3p,NEAT1,miR-124,0.0068
DOID:0060037,PVALB,ICD10:F840,0.0067
RP11-46C24.6,hsa-mir-148a,RP11-332H18.4,0.0067
TOR1AIP2,hsa-mir-24-1,NONHSAG055586,0.0067
USP4,ICD10:D4,RSPO1,0.0066
DOID:0050134,CARD9,DOID:7147,0.0066
ARFRP1,hsa-miR-195-3p,BTBD2,0.0066
MIR940,hsa-mir-744-3p,SSBP4,0.0066
DOID:3770,IL1B,DOID:399,0.0066
DOID:0050134,CARD9,DOID:7147,0.0066
MIR940,hsa-mir-744-3p,SSBP4,0.0066
NONHSAG026671,hsa-miR-613,NDUFA5,0.0065
COL4A2,hsa-miR-129-5p,RP1-121G13.3,0.0065
RP1-12G14.7,hsa-miR-455-3p,TRAP1,0.0064
DOID:0080007,COL11A1,DOID:90,0.0064
DOID:0080007,COL11A1,DOID:90,0.0064
SUCLG1,hsa-miR-211-3p,GORASP2,0.0064
DOID:0080007,COL11A1,DOID:90,0.0064
SLC38A3,DOID:1826,TP53RK,0.0063
MAG,ICD10:G629,TTR,0.0063
Z83851.1,hsa-miR-320c,GTPBP10,0.0063
Z83851.1,hsa-miR-320c,GTPBP10,0.0063
hsa-miR-1225-3p,RP4-550H1.6,hsa-miR-5193,0.0063
SLC38A3,DOID:1826,TP53RK,0.0063
Z83851.1,hsa-miR-320c,GTPBP10,0.0063
Z83851.1,hsa-miR-320c,GTPBP10,0.0063
OSBPL8,hsa-mir-181a/181b/18,NONHSAG039880,0.0062
DOID:77,UGT1A4,DOID:10211,0.0062
HEATR2,hsa-mir-324-3p,C2orf72,0.0062
HEATR2,hsa-mir-324-3p,C2orf72,0.0062
CPEB4,hsa-miR-409-5p,TACO1,0.0061
LINC00649,hsa-mir-137,BHLHE40-AS1,0.0061
DOID:2862,G6PD,DOID:589,0.0061
EFEMP2,hsa-miR-5195-3p,DICER1-AS1,0.006
DOID:0050728,G6PC2,ICD10:E74,0.006
MAP1LC3B,hsa-miR-449a,LINC00674,0.006
EFEMP2,hsa-miR-5195-3p,DICER1-AS1,0.006
DOID:14330,PLA2G6,DOID:0110736,0.006
hsa-miR-3129-5p,LY6K,ICD10:K31,0.006
PAFAH1B2,hsa-miR-33b-3p,NONHSAG009074,0.006
DOID:14330,PLA2G6,DOID:0110736,0.006
PCNT,ICD10:Q789,COL9A3,0.0059
RP5-1148A21.3,hsa-mir-6807,ZFAND2A,0.0059
RP11-10L12.4,hsa-miR-335-3p,LA16c-321D4.2,0.0059
FLNB,DOID:0080006,SEC24D,0.0059
GLS,DOID:83,RDH11,0.0058
ICD10:Q80,FLG,DOID:3044,0.0058
DAPP1,hsa-miR-374c-5p,XRCC6BP1,0.0058
NONHSAG049854,miR-489,CHMP1B,0.0057
NFATC1,DOID:0060032,POU3F1,0.0057
ZNF282,hsa-miR-16-1-3p,RPS13,0.0057
NONHSAG049854,miR-489,CHMP1B,0.0057
NONHSAG049854,miR-489,CHMP1B,0.0057
42070,hsa-miR-141-3p,NONHSAG044174,0.0057
hsa-miR-375,esophageal cancer,hsa-miR-373,0.0056
MKKS,ICD10:E90,SLC19A2,0.0056
DOID:552,IL1A,DOID:974,0.0056
LPP,ICD10:E35,DMRT1,0.0056
DOID:1459,INS,DOID:10591,0.0056
MKKS,ICD10:E90,SLC19A2,0.0056
MKKS,ICD10:E90,SLC19A2,0.0056
ICD10:K51,SAA1,DOID:0050735,0.0056
CYTH1,hsa-miR-4770,NONHSAG002087,0.0055
ZNRD1-AS1,hsa-miR-495-3p,RP11-544L8__B.4,0.0055
PIGT,ICD10:G4,ATN1,0.0055
SRD5A2,ICD10:L6,HSPA1B,0.0055
ZNRD1-AS1,hsa-miR-495-3p,RP11-544L8__B.4,0.0055
RHOA,DOID:1596,FADS1,0.0054
AC118754.4,hsa-miR-146a-3p,HNRNPA2B1,0.0054
NONHSAG001727,hsa-miR-374c-5p,XRCC6BP1,0.0054
IFNA10,DOID:934,CTSL,0.0053
ULK1,hsa-miR-499a-3p,RP11-265N6.2,0.0053
NONHSAG004987,hsa-miR-502-5p,NONHSAG037390,0.0053
BAG3,ICD10:G130,SNAP29,0.0053
XPO1,hsa-miR-208a-3p,ACTN4,0.0052
PDCD4-AS1,hsa-miR-224-5p,RP5-1085F17.3,0.0052
BSCL2,DOID:10595,ARHGEF10,0.0052
BCL7B,hsa-miR-877-3p,NONHSAG025544,0.0052
42249,hsa-miR-423-5p,RP11-875O11.1,0.0052
CCDC6,hsa-miR-147b,JAZF1-AS1,0.0051
DOID:9538,CD4,ICD10:F5,0.0051
ATXN2,hsa-miR-382-5p,AATF,0.0051
DOID:288,GNRH1,ICD10:N9,0.0051
ITIH4,DOID:8469,IFNAR1,0.0051
hsa-miR-330-3p,PTPRF,ICD10:F9,0.0051
DOID:9538,CD4,ICD10:F5,0.0051
hsa-miR-5011-3p,CTB-89H12.4,hsa-miR-527,0.005
NONHSAG034369,hsa-miR-296-3p,JTB,0.005
DUX4,DOID:0080000,MTM1,0.005
NONHSAG034369,hsa-miR-296-3p,JTB,0.005
hsa-mir-29c,LINC00662,miR-340-5p,0.005
RP11-711K1.7,hsa-mir-30a/30b/30c/,RP3-341D10.4,0.0048
CPSF3,ICD10:G969,NOTCH2NLC,0.0048
CPSF3,ICD10:G969,NOTCH2NLC,0.0048
PRDX3,hsa-miR-16-1-3p,RPS13,0.0048
S1PR2,ICD10:H7,LHFPL5,0.0048
NONHSAG055371,hsa-mir-24-1,AC084219.3,0.0048
NONHSAG039667,hsa-miR-613,NDUFA5,0.0048
ICD10:Q1,VAX1,DOID:10629,0.0047
CADPS2,DOID:150,CYP17A1,0.0047
HSPA5,DOID:2978,ADIPOR1,0.0047
DOID:9252,PCCA,ICD10:E71,0.0046
UBE2V1,hsa-miR-4262,RN7SKP55,0.0046
LOC100129550,hsa-mir-34c-5p,POLD2,0.0046
hsa-miR-520a-5p,RP5-1186N24.3,hsa-miR-3909,0.0046
UBE2V1,hsa-miR-4262,RN7SKP55,0.0046
RCBTB1,hsa-miR-221-3p,AC007796.1,0.0046
UBE2V1,hsa-miR-4262,RN7SKP55,0.0046
DOID:0110477,MYO15A,DOID:0050565,0.0045
DOID:11716,PPARG,DOID:0080299,0.0045
ICD10:D,KLK3,ICD10:N41,0.0045
ICD10:F522,KLK3,ICD10:N41,0.0044
TACO1,hsa-miR-409-5p,CAPN2,0.0044
breast cancer,hsa-miR-510,diarrhea predominant irritable bowel syndrome (IBS-D),0.0044
HMOX1,ICD10:F00,PSENEN,0.0044
TPT1,hsa-mir-200c-3p,TMEM70,0.0044
TMBIM6,hsa-miR-130b-3p,ID2,0.0044
TPT1,hsa-mir-200c-3p,TMEM70,0.0044
YTHDF2,hsa-miR-449a,LINC00674,0.0044
RP11-334C17.5,hsa-miR-363-5p,RP11-403P17.3,0.0044
CD59,DOID:0060284,CD55,0.0044
NONHSAG051640,hsa-miR-4782-5p,NONHSAG031853,0.0043
NONHSAG000259,hsa-miR-1249-3p,PHB,0.0043
GPBAR1,DOID:77,TNFSF15,0.0043
GRIN2B,DOID:1596,FADS1,0.0043
GRIN2B,DOID:1596,FADS1,0.0043
GRIN2B,DOID:1596,FADS1,0.0043
ICD10:I451,NPPB,DOID:4080,0.0043
UBAP2L,hsa-miR-519d,RP11-467L19.8,0.0043
LYRM2,hsa-miR-378e,RP11-69E11.8,0.0043
CPE,ICD10:E66,RPGRIP1L,0.0043
TMEM150A,hsa-miR-200b-5p,RP5-1172N10.3,0.0042
TMEM150A,hsa-miR-200b-5p,RP5-1172N10.3,0.0042
RP1-27K12.4,hsa-miR-190b,EFR3A,0.0041
DOID:6050,ATP4A,ICD10:K31,0.0041
DOID:6050,ATP4A,ICD10:K31,0.0041
DOID:3571,CTLA4,DOID:4451,0.0041
C21orf91,hsa-mir-6807,RP3-399L15.3,0.0041
ABCC9,ICD10:I4,ANK2,0.0041
CEP76,hsa-miR-22-3p,TMEM110-MUSTN1,0.0041
hsa-miR-1228*,Malignant mesothelioma (MM),hsa-miR-144*,0.0041
RPS20,hsa-miR-323a-3p,RNU12,0.0041
RP1-27K12.4,hsa-miR-190b,EFR3A,0.0041
EMX2OS,hsa-miR-330-3p,EI24,0.004
DAXX,ICD10:C5,POU5F1B,0.004
AGO2,DOID:28,TRHR,0.004
KRT14,ICD10:L3,CRNN,0.004
EMX2OS,hsa-miR-330-3p,EI24,0.004
SYMPK,hsa-miR-106a-3p,LINC00984,0.004
AGO2,DOID:28,TRHR,0.004
DAXX,ICD10:C5,POU5F1B,0.004
SLC4A1,ICD10:D581,ANK1,0.004
SLC4A1,ICD10:D581,ANK1,0.004
SYMPK,hsa-miR-106a-3p,LINC00984,0.004
DAXX,ICD10:C5,POU5F1B,0.004
IL3,ICD10:C9,TAL1,0.0039
SIL1,hsa-miR-455-3p,TRAP1,0.0039
PCSK9,ICD10:E7,D2HGDH,0.0038
ZNF385C,hsa-miR-760,RN7SL281P,0.0038
NONHSAG026393,hsa-miR-4306,RAD23A,0.0038
TCTN3,DOID:0060340,PKHD1,0.0038
NONHSAG020715,hsa-mir-374a-3p,NONHSAG040409,0.0038
CDC42SE1,hsa-miR-218-1-3p,NONHSAG007371,0.0038
NONHSAG041300,hsa-mir-181c,NONHSAG039457,0.0038
CDC42SE1,hsa-miR-218-1-3p,NONHSAG007371,0.0038
CCR4,ICD10:L23,IL1RL1,0.0038
NONHSAG026393,hsa-miR-4306,RAD23A,0.0038
CDC42SE1,hsa-miR-218-1-3p,NONHSAG007371,0.0038
CCR4,ICD10:L23,IL1RL1,0.0038
hsa-miR-3681-3p,LINC00662,miR-340-5p,0.0037
DOID:4159,SLC45A2,DOID:0050632,0.0037
NONHSAG032924,hsa-miR-129-5p,CTD-3137H5.1,0.0037
NCOA3,DOID:3342,TRAF3IP2,0.0037
NONHSAG033553,hsa-mir-107,RNF126,0.0037
NONHSAG033553,hsa-mir-107,RNF126,0.0037
NONHSAG033553,hsa-mir-107,RNF126,0.0037
NONHSAG033553,hsa-mir-107,RNF126,0.0037
NONHSAG033553,hsa-mir-107,RNF126,0.0037
ALG3,hsa-miR-374c-5p,XRCC6BP1,0.0037
NSD2,DOID:0080014,FSHB,0.0036
hsa-miR-300,NONHSAG050957,hsa-mir-652-3p,0.0036
NSD2,DOID:0080014,FSHB,0.0036
hsa-miR-300,NONHSAG050957,hsa-mir-652-3p,0.0036
RSPH1,DOID:9562,CCNO,0.0036
NONHSAG026207,hsa-miR-6088,LIMD1-AS1,0.0036
TERT,DOID:1100,FOXL2,0.0036
RP11-540O11.1,hsa-mir-130a-3p,NONHSAG010162,0.0035
C6orf1,hsa-mir-99a,RP11-149I2.5,0.0035
RRM1,hsa-miR-665,NONHSAG006055,0.0035
JMJD1C,hsa-mir-374a-3p,FAM107B,0.0035
DOID:11247,PLG,DOID:4079,0.0035
DOID:1024,LTA,ICD10:L63,0.0035
NONHSAG026483,hsa-miR-532-3p,CYB5R3,0.0035
DOID:1024,LTA,ICD10:L63,0.0035
C6orf1,hsa-mir-99a,RP11-149I2.5,0.0035
SP100,hsa-mir-494-3p,PASK,0.0034
RP11-1149O23.3,hsa-mir-23b-3p,RP11-483H11.1,0.0034
RP11-161H23.5,hsa-miR-184,NONHSAG053689,0.0034
DOID:3756,F2,DOID:0060224,0.0034
RP11-728C8.1,hsa-miR-4295,NFX1,0.0034
RAB18,hsa-mir-222,LOC374443,0.0034
DLG3,hsa-miR-378f,NONHSAG053777,0.0033
PTCHD1,DOID:150,CYP17A1,0.0033
EFCAB4A,hsa-miR-4319,SLC9A2,0.0033
PTCHD1,DOID:150,CYP17A1,0.0033
NONHSAG023019,hsa-miR-485-3p,RBBP9,0.0032
AMZ2,hsa-miR-4306,NONHSAG026393,0.0032
DRAM2,ICD10:H,TMTC4,0.0032
SHC1,DOID:16,ATP6V0A2,0.0032
GRB2,ICD10:C8,ADH1C,0.0032
ICD10:G4,ATN1,DOID:0060162,0.0032
ICD10:H52,PRICKLE3,ICD10:H520,0.0032
MRTFA,ICD10:C5,PGD,0.0032
CCL2,DOID:0060903,SERPINF2,0.0032
NONHSAG023019,hsa-miR-485-3p,RBBP9,0.0032
DRAM2,ICD10:H,TMTC4,0.0032
hsa-miR-582-3p,MOCS2,DOID:0111165,0.0031
NONHSAG037102,hsa-miR-5688,NONHSAG054710,0.0031
CCDC132,hsa-miR-454-3p,RAI14,0.0031
CCDC132,hsa-miR-454-3p,RAI14,0.0031
OSTM1,hsa-miR-320d,RAD9B,0.0031
hsa-miR-582-3p,MOCS2,DOID:0111165,0.0031
SSR4,hsa-mir-128,NONHSAG026200,0.0031
C11orf30,hsa-mir-27b-3p,RP11-53B2.1,0.0031
CCZ1,hsa-miR-23c,PAPOLA,0.0031
SSR4,hsa-mir-128,NONHSAG026200,0.0031
SS18,hsa-miR-369-3p,TBCE,0.0031
NONHSAG037102,hsa-miR-5688,NONHSAG054710,0.0031
FOXK2,hsa-miR-3118,AC007559.1,0.003
BRCA1,DOID:289,VEZT,0.003
PCBP1-AS1,hsa-mir-29c,NAGPA,0.003
PTPLAD1,hsa-miR-4735-5p,NONHSAG023038,0.003
AGTRAP,DOID:0050828,TBX4,0.003
BRCA1,DOID:289,VEZT,0.003
AGTRAP,DOID:0050828,TBX4,0.003
AC002401.1,hsa-miR-129-5p,LINC00311,0.003
AGTRAP,DOID:0050828,TBX4,0.003
PRPF40A,hsa-miR-323a-3p,NONHSAG047380,0.003
PTPLAD1,hsa-miR-4735-5p,NONHSAG023038,0.003
TCTN1,hsa-miR-5195-3p,EFEMP2,0.003
HOXD11,hsa-miR-4306,NONHSAG026393,0.003
AC002401.1,hsa-miR-129-5p,LINC00311,0.003
PRF1,ICD10:C8,IDO2,0.003
NONHSAG013145,hsa-miR-329-3p,RP11-474P12.5,0.0029
MTMR4,hsa-miR-382-5p,NONHSAG026205,0.0029
ICD10:C81,CD274,DOID:3965,0.0029
ICD10:C81,CD274,DOID:3965,0.0029
NONHSAG023101,hsa-mir-24-1,AC084219.3,0.0029
COX7B,hsa-miR-3681-3p,INO80B,0.0029
COX7B,hsa-miR-3681-3p,INO80B,0.0029
COX7B,hsa-miR-3681-3p,INO80B,0.0029
hsa-mir-302b-3p,VEZT,DOID:289,0.0029
MTMR4,hsa-miR-382-5p,NONHSAG026205,0.0029
RPH3AL,hsa-mir-20b-3p,OLIG1,0.0029
NONHSAG031973,hsa-mir-24-1,AC084219.3,0.0028
NONHSAG031973,hsa-mir-24-1,AC084219.3,0.0028
NONHSAG047225,hsa-miR-340-5p,POLR2K,0.0028
AIF1,DOID:680,DLG4,0.0028
EIF3J-AS1,hsa-mir-128,42068,0.0028
NONHSAG046902,hsa-miR-221-3p,PLOD2,0.0028
NONHSAG010760,hsa-miR-378h,EIF4A1P9,0.0028
NONHSAG047225,hsa-miR-340-5p,POLR2K,0.0028
HILPDA,hsa-let-7e-3p,HELB,0.0028
CELF1,ICD10:F,ATP2B2,0.0027
CELF1,ICD10:F,ATP2B2,0.0027
ZNF407,hsa-miR-6884-5p,FAM208B,0.0027
KCTD17,DOID:543,GNAL,0.0027
DDR2,ICD10:J984,CHRNA3,0.0027
DOID:0060496,IFNG,DOID:2113,0.0027
DOID:11476,SOST,ICD10:M819,0.0026
DOID:1935,TMEM67,DOID:0070117,0.0026
DOID:11476,SOST,ICD10:M819,0.0026
MIR371B,hsa-miR-431-5p,AP000692.9,0.0026
hsa-miR-4319,GRN,ICD10:F03,0.0025
SERAC1,ICD10:E729,SLC3A1,0.0025
NDUFA5,hsa-miR-613,ATP6V1H,0.0025
POM121C,hsa-miR-4676-3p,RP11-368P15.3,0.0025
hsa-miR-4319,GRN,ICD10:F03,0.0025
ZBTB8OS,hsa-miR-3184-3p,NONHSAG003041,0.0025
hsa-miR-598,autism spectrum disorder (ASD),hsa-miR-320a,0.0025
KDM4A,hsa-miR-106a-3p,RP11-48O20.4,0.0025
MGAM,ICD10:E7,D2HGDH,0.0025
DOID:18,CEP83,DOID:0111125,0.0025
FAM107B,hsa-mir-374a-3p,NONHSAG040409,0.0025
SERAC1,ICD10:E729,SLC3A1,0.0025
hsa-miR-598,autism spectrum disorder (ASD),hsa-miR-320a,0.0025
TKFC,ICD10:H,CNNM4,0.0024
NONHSAG053566,hsa-miR-6893-3p,CTB-50L17.5,0.0024
HIF1A,ICD10:E35,TOX3,0.0024
AC092171.4,hsa-mir-181a/181b/18,NONHSAG043282,0.0024
DOID:11200,CD4,ICD10:F5,0.0024
AATF,hsa-miR-382-5p,ATXN2,0.0024
RP5-886K2.3,hsa-miR-214-5p,RP11-216B9.6,0.0024
anxiety disorder,hsa-miR-485-3p,RBBP9,0.0024
NR5A1,DOID:15,PTGES,0.0024
NONHSAG053566,hsa-miR-6893-3p,CTB-50L17.5,0.0024
hsa-miR-431,autism spectrum disorder (ASD),hsa-miR-320a,0.0024
ERBB3,ICD10:K839,KIF12,0.0024
anxiety disorder,hsa-miR-485-3p,RBBP9,0.0024
CD151,DOID:16,CAMP,0.0024
hsa-miR-431,autism spectrum disorder (ASD),hsa-miR-320a,0.0024
DOID:341,ACVRL1,ICD10:I73,0.0024
PPP4C,hsa-miR-376a-3p,SLC25A3,0.0023
ZRANB2-AS1,hsa-mir-148a,RP11-332H18.4,0.0023
ICD10:I43,FKRP,DOID:0110275,0.0023
ICD10:G37,MOG,ICD10:H46,0.0023
PPP4C,hsa-miR-376a-3p,SLC25A3,0.0023
DOID:934,ERV3-1,DOID:12365,0.0023
CAV3,ICD10:I43,TNNI3K,0.0023
AR,DOID:229,CCDC155,0.0022
NONHSAG032255,hsa-miR-708-3p,RP11-169K16.9,0.0022
NONHSAG051813,hsa-miR-4644,RP11-4F5.2,0.0022
FBXO32,ICD10:I519,NEXN,0.0022
AR,DOID:229,CCDC155,0.0022
XBP1,ICD10:C63,SPOP,0.0022
AR,DOID:229,CCDC155,0.0022
PTGER4,DOID:612,GPR35,0.0022
hsa-miR-143-3p,RP4-550H1.6,hsa-miR-1225-3p,0.0022
hsa-miR-143-3p,RP4-550H1.6,hsa-miR-1225-3p,0.0022
AR,DOID:229,CCDC155,0.0022
RIF1,hsa-miR-582-3p,TRIM3,0.0022
GAB1,hsa-miR-374c-5p,XRCC6BP1,0.0022
CTC-338M12.7,hsa-miR-1197,ANKRD29,0.0022
RP11-351M8.2,hsa-miR-135a2,NONHSAG017341,0.0022
OXNAD1,hsa-mir-20a/106b,NONHSAG018073,0.0022
DOID:0060122,SLC45A2,DOID:0050632,0.0022
DPF2,hsa-mir-24-1,NONHSAG023101,0.0022
SC5D,hsa-miR-379-3p,NONHSAG049466,0.0021
DNAJC3-AS1,hsa-miR-582-3p,NONHSAG049422,0.0021
LCE3C,DOID:16,ATP6V0A2,0.0021
ARL6,ICD10:H3,PNPLA6,0.0021
RP1-121G13.3,hsa-miR-129-5p,FTSJ1,0.0021
NPTN,hsa-miR-452-3p,NONHSAG048876,0.0021
MAX,hsa-miR-5688,NONHSAG054710,0.0021
NONHSAG049466,hsa-miR-379-3p,RP11-90H3.1,0.0021
DNAJC3-AS1,hsa-miR-582-3p,NONHSAG049422,0.0021
NONHSAG049466,hsa-miR-379-3p,RP11-90H3.1,0.0021
ARL6,ICD10:H3,PNPLA6,0.0021
DOID:3307,AFP,ICD10:I81,0.0021
SC5D,hsa-miR-379-3p,NONHSAG049466,0.0021
LPL,DOID:9352,SLC5A1,0.0021
NONHSAG027123,hsa-miR-362-5p,NONHSAG028808,0.002
DOID:2382,UGT1A10,DOID:0060262,0.002
KMT2A,ICD10:G969,CACNA1D,0.002
DOID:9408,CKB,DOID:3978,0.002
SOX2,DOID:12270,TBX22,0.002
DOID:2226,CD34,DOID:4961,0.002
DOID:2226,CD34,DOID:4961,0.002
SOX2,DOID:12270,TBX22,0.002
CMAHP,hsa-miR-6504-3p,NONHSAG001156,0.002
RPL38,hsa-miR-15b-5p,LDOC1,0.002
RP11-33N16.3,hsa-miR-106a-3p,RP11-383C5.5,0.002
KMT2A,ICD10:G969,CACNA1D,0.002
CYP7A1,ICD10:E,PPM1K,0.002
MMACHC,ICD10:E729,SLC3A1,0.002
SOX2,DOID:12270,TBX22,0.002
TRPA1,hsa-mir-150,NONHSAG024317,0.002
ENO2,hsa-miR-376a-3p,NONHSAG053227,0.0019
ENO2,hsa-miR-376a-3p,NONHSAG053227,0.0019
NONHSAG022430,hsa-mir-15a/15b/16/1,NSUN3,0.0019
hsa-miR-575,lupus nephritis,hsa-miR-601,0.0019
RP11-395M19.1,hsa-miR-409-5p,NONHSAG054096,0.0019
PCSK7,hsa-miR-4306,NONHSAG026393,0.0019
RP11-395M19.1,hsa-miR-409-5p,NONHSAG054096,0.0019
NONHSAG055099,hsa-miR-455-3p,SNHG17,0.0019
NONHSAG037840,hsa-mir-19b-1-5p,NONHSAG034913,0.0019
RP1-151F17.1,hsa-miR-4782-5p,DDX1,0.0018
RP11-325F22.2,hsa-miR-376b-3p,NONHSAG033244,0.0018
C14orf2,hsa-miR-582-3p,TRIM3,0.0018
DOID:1205,IL1RL1,ICD10:L23,0.0018
VPS33B,DOID:13580,ABCB11,0.0018
HOXB-AS1,hsa-miR-214-5p,NONHSAG035199,0.0018
PVALB,ICD10:F840,OXTR,0.0018
AHR,DOID:9799,CDH23,0.0018
RP11-325F22.2,hsa-miR-376b-3p,NONHSAG033244,0.0018
RP11-304F15.7,hsa-miR-106a-3p,RP11-48O20.4,0.0018
DOID:1205,IL1RL1,ICD10:L23,0.0018
RP1-151F17.1,hsa-miR-4782-5p,DDX1,0.0018
DOID:3211,CLN8,DOID:0110724,0.0018
ICD10:K004,AMTN,ICD10:K03,0.0018
HOXB-AS1,hsa-miR-214-5p,NONHSAG035199,0.0018
TRIB1,hsa-mir-494-3p,FAM126B,0.0018
TNFRSF6B,DOID:8778,PRDM1,0.0018
TRIB1,hsa-mir-494-3p,FAM126B,0.0018
TNFRSF6B,DOID:8778,PRDM1,0.0018
RP11-304F15.7,hsa-miR-106a-3p,RP11-48O20.4,0.0018
COX11,hsa-let-7f-5p,MTND4P12,0.0017
NONHSAG032148,hsa-mir-30e-3p,SLC25A16,0.0017
N4BP2L1,hsa-miR-490-3p,SSNA1,0.0017
N4BP2L1,hsa-miR-490-3p,SSNA1,0.0017
CCL20,ICD10:J06,TNFSF4,0.0017
METTL6,hsa-miR-409-5p,NONHSAG054096,0.0017
CFC1,DOID:0050545,CFAP45,0.0017
CFC1,DOID:0050545,CFAP45,0.0017
DOID:3044,FLG,ICD10:Q80,0.0017
COX11,hsa-let-7f-5p,MTND4P12,0.0017
NONHSAG001663,hsa-mir-23b-3p,RP11-483H11.1,0.0017
ST6GALNAC2,hsa-miR-7-2-3p,TAF2,0.0017
MEF2A,hsa-miR-130b-3p,RP11-83A24.1,0.0017
NONHSAG039347,hsa-miR-151b,NONHSAG013815,0.0017
LRSAM1,DOID:440,GFPT1,0.0017
CCL20,ICD10:J06,TNFSF4,0.0017
DOID:2320,CHRNB4,DOID:303,0.0017
RP11-506M13.3,hsa-miR-501-3p,NONHSAG026692,0.0017
ZNF117,hsa-miR-196b-3p,DTL,0.0017
NONHSAG035143,hsa-miR-613,NONHSAG039667,0.0016
NONHSAG034359,hsa-miR-196b-3p,DTL,0.0016
RP11-399O19.8,hsa-mir-302d-3p,NVL,0.0016
ANKRD46,hsa-miR-429,NONHSAG054858,0.0016
ELMOD2,hsa-miR-7153-5p,ZDHHC13,0.0016
NDFIP1,hsa-miR-758-3p,LPHN1,0.0015
FCRL4,DOID:417,KLRB1,0.0015
ANKRD32,hsa-miR-18b-5p,NONHSAG020333,0.0015
NONHSAG013843,hsa-miR-139-3p,MXD1,0.0015
NONHSAG054096,hsa-miR-409-5p,CAPN2,0.0015
FCRL4,DOID:417,KLRB1,0.0015
hsa-miR-548c-3p,CTA-204B4.6,hsa-miR-513a-3p,0.0015
DOID:0050565,MYO15A,DOID:0110477,0.0015
ICD10:J00,TSLP,DOID:11963,0.0015
NONHSAG013843,hsa-miR-139-3p,MXD1,0.0015
BCL6,ICD10:J0,IL7R,0.0015
BCL6,ICD10:J0,IL7R,0.0015
GJA8,ICD10:H279,LONP1,0.0015
DOID:3978,CKB,DOID:9408,0.0015
ELK3,hsa-mir-744-3p,SSBP4,0.0015
NONHSAG009769,hsa-miR-146a-3p,HNRNPA2B1,0.0015
nemaline myopathy (NM),hsa-miR-368,miyoshi myopathy (MM),0.0015
hsa-miR-548c-3p,CTA-204B4.6,hsa-miR-513a-3p,0.0015
PIK3C3,ICD10:E3,CYP21A2,0.0015
DOID:3978,CKB,DOID:9408,0.0015
miR-135a-5p,CASC2,miR-21,0.0015
hsa-miR-170,breast cancer,hsa-miR-510,0.0015
ITGB1,hsa-miR-190b,FMO3,0.0015
DOID:0050565,MYO15A,DOID:0110477,0.0015
PIK3C3,ICD10:E3,CYP21A2,0.0015
CHRM1,ICD10:F,GRIN1,0.0014
DOID:535,APOE,ICD10:Q9,0.0014
PMAIP1,hsa-miR-221-3p,NONHSAG054085,0.0014
PLAU,ICD10:C5,DAXX,0.0014
RP11-498C9.2,hsa-miR-1306-3p,NONHSAG048036,0.0014
B9D1,DOID:0050177,SPRED1,0.0014
RFT1,ICD10:E88,TIMM8A,0.0014
DOID:9297,FGFR1,DOID:0080006,0.0014
RPL19,hsa-mir-93-3p,DNAJB9,0.0014
CCL8,ICD10:K50,CCL13,0.0014
AP001065.2,hsa-miR-760,EXOC1,0.0014
RFT1,ICD10:E88,TIMM8A,0.0014
ICD10:L27,MICA,DOID:986,0.0014
HSPA4,ICD10:E90,AUH,0.0014
TAL1,ICD10:C9,CEBPE,0.0014
ICD10:F39,FKBP5,DOID:2030,0.0014
RP11-282O18.6,hsa-mir-92a-1-5p,DAPK1-IT1,0.0014
ICD10:L27,MICA,DOID:986,0.0014
AP001065.2,hsa-miR-760,EXOC1,0.0014
TTTY15,hsa-miR-320b,NONHSAG042524,0.0014
TAL1,ICD10:C9,CEBPE,0.0014
NONHSAG001038,hsa-miR-381-3p,PAPD4,0.0014
AARS1,ICD10:G130,C1orf194,0.0014
NONHSAG024741,hsa-miR-18a-3p,XYLT2,0.0013
NONHSAG053227,hsa-miR-376a-3p,AP2A1,0.0013
CHEK2,ICD10:C6,SLC39A1,0.0013
SREBF1,DOID:9352,SLC5A1,0.0013
RICTOR,hsa-miR-219-5p,NONHSAG053535,0.0013
RP11-417L19.4,hsa-mir-331-3p,AMPD2,0.0013
hsa-miR-181b-1,breast cancer,hsa-miR-510,0.0013
RP11-417L19.4,hsa-mir-331-3p,AMPD2,0.0013
ZNF677,hsa-mir-125a-3p,IMMP1L,0.0013
NONHSAG015355,hsa-miR-520e,SFXN5,0.0013
hsa-miR-181b-1,breast cancer,hsa-miR-510,0.0013
ICD10:N9,GNRH1,DOID:288,0.0013
TAPT1,hsa-let-7f-5p,NONHSAG018213,0.0013
ICD10:N9,GNRH1,DOID:288,0.0013
SLC5A7,DOID:870,PTRH2,0.0013
TAPT1,hsa-let-7f-5p,NONHSAG018213,0.0013
PRDM1,DOID:8778,AIRE,0.0013
CHEK2,ICD10:C6,SLC39A1,0.0013
IL17REL,DOID:0060031,RGS1,0.0012
DOID:2978,WFS1,ICD10:E2,0.0012
VPS16,DOID:543,KCTD17,0.0012
RP1-178F10.3,hsa-mir-1,ELMO1,0.0012
LEPREL2,hsa-miR-1224-3p,FUBP3,0.0012
SLC5A1,DOID:9352,SREBF1,0.0012
LYSMD4,hsa-miR-668-3p,RRBP1,0.0012
SLC5A1,DOID:9352,SREBF1,0.0012
ADAM10,hsa-mir-20b-3p,NONHSAG050795,0.0012
ETS1,DOID:417,IL22RA1,0.0012
SLC5A1,DOID:9352,SREBF1,0.0012
PIK3CG,DOID:0060084,TSC2,0.0012
TSPAN3,hsa-mir-130a-3p,RP11-461A8.1,0.0012
CDC42,DOID:0060410,ECE1,0.0012
RP11-1069G10.1,hsa-mir-28-3p,PFDN1,0.0012
LEPREL2,hsa-miR-1224-3p,FUBP3,0.0012
FZR1,hsa-mir-140-3p,BLNK,0.0012
ICD10:L8,IL2RA,DOID:3213,0.0012
HDAC9,DOID:4535,APCDD1,0.0012
DOID:2978,WFS1,ICD10:E2,0.0012
DOID:2978,WFS1,ICD10:E2,0.0012
DOID:0060224,F2,DOID:3756,0.0012
HAUS6P1,hsa-mir-494-3p,RP11-65J21.3,0.0012
DOID:2476,AP5Z1,ICD10:G8,0.0011
DOID:6364,PLCE1,ICD10:G43,0.0011
NEK10,DOID:0060118,ERBB4,0.0011
GPR68,DOID:2187,ITGB6,0.0011
TRIM63,DOID:423,TNNT1,0.0011
CTD-2231E14.8,hsa-miR-485-3p,anxiety disorder,0.0011
COMMD6,hsa-miR-429,NONHSAG054858,0.0011
DOID:0110637,POMT2,DOID:0050560,0.0011
CCNDBP1,hsa-miR-4644,RP11-4F5.2,0.0011
ICD10:C90,B2M,OMIM:105200,0.0011
DOID:10124,DCN,DOID:2566,0.0011
DOID:6364,PLCE1,ICD10:G43,0.0011
CXCR1,DOID:5295,NRTN,0.0011
NEK10,DOID:0060118,ERBB4,0.0011
FLT4,ICD10:D4,RSPO1,0.0011
FLT4,ICD10:D4,RSPO1,0.0011
NONHSAG053105,hsa-miR-130b-3p,PSMD6-AS2,0.0011
TRH,ICD10:E03,TSHR,0.001
PIGG,hsa-mir-196a-2,RP3-467N11.2,0.001
RP11-290F5.2,hsa-mir-29b-2-5p,NONHSAG009993,0.001
LLGL2,hsa-let-7e-3p,HELB,0.001
MYH9,ICD10:H93,SLC26A4,0.001
PIGG,hsa-mir-196a-2,RP3-467N11.2,0.001
IL33,ICD10:K52,INPP5D,0.001
TSPO,DOID:7,SRSF3,0.001
NONHSAG005566,hsa-miR-500b,AC068039.4,0.0009
RAD52,DOID:0050686,PLXNB1,0.0009
TNNT3,DOID:66,SPEG,0.0009
NONHSAG033011,hsa-miR-199a-5p,PUF60,0.0009
DOID:5656,MT-ND2,DOID:10652,0.0009
RN7SL425P,hsa-mir-19a/19b,PHF11,0.0009
hsa-miR-21 ,ulcerative colitis (UC),hsa-miR-422b ,0.0009
IFNA13,ICD10:K769,CASP9,0.0009
RN7SL425P,hsa-mir-19a/19b,PHF11,0.0009
PHKG2,ICD10:E90,SLC19A2,0.0009
TDRD7,DOID:4,HSF4,0.0009
Alzheimer's disease,hsa-miR-101,Spinocerebellar ataxia 1,0.0009
RNASET2,DOID:10579,TMEM163,0.0009
DOID:5656,MT-ND2,DOID:10652,0.0009
NONHSAG005566,hsa-miR-500b,AC068039.4,0.0009
KLK3,ICD10:D,NNMT,0.0009
AC005682.5,hsa-mir-196a-2,CLIC5,0.0009
HELB,hsa-let-7e-3p,HILPDA,0.0009
TDRD7,DOID:4,HSF4,0.0009
TDRD7,DOID:4,HSF4,0.0009
SDHB,ICD10:J,PRDX1,0.0009
metabolic disease,hsa-miR-9,Malignant mesothelioma (MM),0.0009
ICD10:C61,CDH1,DOID:1795,0.0009
ASMTL-AS1,hsa-miR-328,NONHSAG026597,0.0008
EIF4A1,hsa-miR-204-3p,ZNF224,0.0008
C16orf80,hsa-miR-146b-5p,NONHSAG007475,0.0008
INHBB,DOID:15,FIGLA,0.0008
INHBB,DOID:15,FIGLA,0.0008
NONHSAG001156,hsa-miR-6504-3p,STK16,0.0008
DOID:1307,NGF,DOID:0060089,0.0008
PRDX2,hsa-miR-215-5p,LINC00511,0.0008
AGTR1,hsa-mir-181d,NFXL1,0.0008
NONHSAG001156,hsa-miR-6504-3p,STK16,0.0008
NONHSAG002474,hsa-miR-1197,OSGEPL1,0.0008
HERPUD1,hsa-miR-200a-5p,ZZZ3,0.0008
DOID:1307,NGF,DOID:0060089,0.0008
INHBB,DOID:15,FIGLA,0.0008
miR-204-5p,KCNQ1OT1,hsa-miR-450a-3p,0.0008
AC084809.2,hsa-miR-365b-3p,AHSA1,0.0008
AGTR1,hsa-mir-181d,NFXL1,0.0008
KB-318B8.7,hsa-miR-106a-3p,LINC00984,0.0008
AC084809.2,hsa-miR-365b-3p,AHSA1,0.0008
TCF7,hsa-miR-138-2-3p,NONHSAG013511,0.0008
FAM13A,ICD10:J984,CHRNA3,0.0007
PNO1,hsa-miR-6884-5p,P4HA2,0.0007
DOID:1485,ELANE,DOID:13372,0.0007
EMC4,hsa-miR-1224-3p,FUBP3,0.0007
FAM13A,ICD10:J984,CHRNA3,0.0007
HNRNPCP7,hsa-miR-129-2-3p,NONHSAG053918,0.0007
WDR75,hsa-miR-520a-5p,ATAD2,0.0007
HNRNPCP7,hsa-miR-129-2-3p,NONHSAG053918,0.0007
SCGB3A2,hsa-miR-208b-3p,CTD-2611O12.6,0.0007
DRD2,DOID:303,CHRNB4,0.0007
SFXN4,hsa-miR-215-5p,HGS,0.0007
DUOX2,ICD10:E3,FOXE1,0.0007
COL6A3,ICD10:G249,CIZ1,0.0007
UCK2,hsa-miR-491-3p,AC132872.1,0.0007
MRPL55,hsa-mir-652-3p,CCT2,0.0007
FAM13A,ICD10:J984,CHRNA3,0.0007
RP11-94L15.2,hsa-miR-551b-5p,NONHSAG021667,0.0007
DUOX2,ICD10:E3,FOXE1,0.0007
DOID:1485,ELANE,DOID:13372,0.0007
NONHSAG051321,hsa-mir-301a-3p,NONHSAG055328,0.0007
UCK2,hsa-miR-491-3p,AC132872.1,0.0007
hsa-miR-500a-3p,RP11-805I24.1,hsa-miR-548h-5p,0.0007
EMC4,hsa-miR-1224-3p,FUBP3,0.0007
SCGB3A2,hsa-miR-208b-3p,CTD-2611O12.6,0.0007
TNRC6A,hsa-mir-200c-3p,CTD-2036P10.3,0.0006
SLC3A1,ICD10:E729,MMACHC,0.0006
AC141586.5,hsa-mir-193b-3p,RP11-400D2.2,0.0006
MSI2,hsa-miR-125b-5p,SYVN1,0.0006
CD207,ICD10:L25,FLG2,0.0006
DOID:0050749,HDAC9,DOID:4535,0.0006
ICD10:M339,CKM,DOID:8805,0.0006
RAD51AP1,hsa-miR-499a-3p,RP11-265N6.2,0.0006
ETS2,ICD10:C6,TGFBR1,0.0006
GGT1-2,ICD10:root,CELF4,0.0006
CD207,ICD10:L25,FLG2,0.0006
DOID:526,CD4,ICD10:F5,0.0006
HSPA8,hsa-miR-125b-5p,SYVN1,0.0006
ACBD5,ICD10:G969,NOTCH2NLC,0.0006
MSI2,hsa-miR-125b-5p,SYVN1,0.0006
NONHSAG034913,hsa-mir-19b-1-5p,ERI3-IT1,0.0006
CEPT1,hsa-miR-135a2,EIF3E,0.0006
AC141586.5,hsa-mir-193b-3p,RP11-400D2.2,0.0006
AC008731.1,hsa-miR-892c-3p,XPO7,0.0006
TAGAP,ICD10:K51,NCF4,0.0006
FXR2,DOID:7,MAML2,0.0006
ACBD5,ICD10:G969,NOTCH2NLC,0.0006
hsa-miR-6128,RP1-211D12.3,hsa-miR-3662,0.0006
RP1-317E23.3,hsa-mir-196a-2,NONHSAG014373,0.0006
ICD10:M08,RUNX1,ICD10:D471,0.0006
CALR,ICD10:root,LYL1,0.0006
PCCA,ICD10:E71,LMBRD1,0.0006
EGFR,DOID:9500,TCIRG1,0.0006
DYRK1B,ICD10:E9,HADH,0.0006
hsa-miR-6128,RP1-211D12.3,hsa-miR-3662,0.0006
GGT1-2,ICD10:root,CELF4,0.0006
NR3C1,ICD10:I51,MYL3,0.0005
ICD10:C68,CDH1,DOID:1795,0.0005
F2,DOID:0060224,RPL3L,0.0005
NONHSAG028819,hsa-mir-150,SREK1,0.0005
ATP7A,DOID:870,MAFB,0.0005
UFM1,ICD10:G93,SLC31A1,0.0005
testicular germ cell tumor,hsa-miR-140,osteosarcoma,0.0005
RERE,ICD10:F33,MAOB,0.0005
CEP89,hsa-miR-151b,NONHSAG013815,0.0005
ICD10:Q81,EXPH5,ICD10:L3,0.0005
RIOK3,miR-489,PFKFB2,0.0005
ICD10:Q81,EXPH5,ICD10:L3,0.0005
COPS8,hsa-miR-409-5p,TACO1,0.0005
NONHSAG018388,hsa-miR-449b-3p,ALDH3A2,0.0005
DIO3OS,hsa-miR-1224-3p,FUBP3,0.0005
NONHSAG021262,hsa-miR-425-5p,NONHSAG037186,0.0005
NONHSAG029353,hsa-miR-374b-3p,GUF1,0.0005
COPS8,hsa-miR-409-5p,TACO1,0.0005
ATP7A,DOID:870,MAFB,0.0005
PDE4A,DOID:848,GDF5,0.0005
COPS8,hsa-miR-409-5p,TACO1,0.0005
STAG3L5P,hsa-mir-23b-3p,CUTA,0.0005
hsa-miR-616-3p,NONHSAG004866,hsa-miR-3672,0.0005
NONHSAG003414,hsa-miR-519d,NONHSAG013249,0.0005
NONHSAG037086,hsa-miR-6866-3p,ANKRD36BP1,0.0005
BAX,DOID:2531,TCL1A,0.0005
MEIS1,DOID:150,CYP17A1,0.0005
FUBP1,hsa-miR-224-5p,RP11-3P22.2,0.0005
DOID:8411,MTOR,DOID:76,0.0005
NONHSAG037086,hsa-miR-6866-3p,ANKRD36BP1,0.0005
BCR,ICD10:D473,ASXL1,0.0005
hsa-miR-328,RP11-805I24.1,hsa-miR-2392,0.0005
EIF4E,DOID:150,CYP17A1,0.0005
NONHSAG037086,hsa-miR-6866-3p,ANKRD36BP1,0.0005
hsa-miR-328,RP11-805I24.1,hsa-miR-2392,0.0005
RERE,ICD10:F33,MAOB,0.0005
DOID:120,PIK3CD,ICD10:N80,0.0004
AASS,ICD10:E9,HADH,0.0004
ICD10:G92,MAOB,DOID:3602,0.0004
NONHSAG050962,hsa-miR-502-5p,NONHSAG037390,0.0004
ISG20L2,hsa-miR-503-3p,DDX39A,0.0004
hsa-miR-7-3,chronic pancreatitis,hsa-miR-100-2,0.0004
ASCC1,hsa-let-7g-5p,AC010761.8,0.0004
EPHB4,DOID:5295,NRTN,0.0004
KCNN4,DOID:74,EPOR,0.0004
PNPLA5,DOID:655,NDUFA1,0.0004
CRTC2,hsa-miR-149-3p,BCAT2,0.0004
ZPR1,ICD10:E,PPM1K,0.0004
PNPLA5,DOID:655,NDUFA1,0.0004
ARFGAP1,hsa-miR-300,NONHSAG035395,0.0004
hsa-miR-7-3,chronic pancreatitis,hsa-miR-100-2,0.0004
DOID:9562,DNAI1,ICD10:Q893,0.0004
POLR1A,DOID:1443,FBP2,0.0004
TMCC1,hsa-miR-320c,FAM219B,0.0004
NBN,ICD10:C61,KLF6,0.0004
HLA-F-AS1,hsa-mir-193a-3p/193b,NONHSAG017579,0.0004
POLR3B,ICD10:G130,EGR2,0.0004
PPIA,hsa-mir-99a,RP11-149I2.5,0.0003
SDAD1,hsa-mir-744-3p,SSBP4,0.0003
ICD10:C920,BCR,DOID:0080630,0.0003
KDR,DOID:0050161,ADM,0.0003
CLRN2,ICD10:H7,LHFPL5,0.0003
PPIA,hsa-mir-99a,RP11-149I2.5,0.0003
ICD10:I51,MFN1,ICD10:H47,0.0003
NONHSAG048826,hsa-miR-670,CASP4,0.0003
PDLIM5,hsa-miR-219-5p,SGK1,0.0003
DOID:0080600,SH2D3A,DOID:0080599,0.0003
DOID:0080600,SH2D3A,DOID:0080599,0.0003
RFWD3,hsa-mir-92a-1-5p,RP11-282O18.6,0.0003
H2BC3,ICD10:D4,PAX8,0.0003
RPS6KB2,hsa-miR-539-3p,AC104695.3,0.0003
ICD10:Q991,AMH,DOID:11383,0.0003
hsa-miR-513-1,retinoblastoma,hsa-miR-492,0.0003
IREB2,DOID:0050161,ADM,0.0003
hsa-miR-513-1,retinoblastoma,hsa-miR-492,0.0003
MBP,DOID:178,GUCY1A1,0.0003
TGIF2,hsa-mir-30a/30b/30c/,LOC388692,0.0003
RPUSD3,hsa-miR-1271-3p,CD97,0.0003
TGIF2,hsa-mir-30a/30b/30c/,LOC388692,0.0003
PPIA,hsa-mir-99a,RP11-149I2.5,0.0003
RCHY1,hsa-miR-4306,CASC5,0.0003
RBP4,ICD10:E11,PLIN1,0.0003
TGIF2,hsa-mir-30a/30b/30c/,LOC388692,0.0003
AGPS,ICD10:H279,LONP1,0.0003
ICD10:G710,PAX7,DOID:3246,0.0003
PDLIM5,hsa-miR-219-5p,SGK1,0.0003
ZNF561,hsa-miR-125b-5p,HSPA8,0.0003
TIMM21,hsa-miR-155-3p,LINC00630,0.0003
hsa-miR-513-1,retinoblastoma,hsa-miR-492,0.0003
MAPK11,ICD10:root,KLF5,0.0003
DOID:10591,INS,ICD10:G47,0.0003
MBP,DOID:178,GUCY1A1,0.0003
ICD10:C06,EGFR,DOID:2394,0.0003
NONHSAG026188,hsa-miR-129-2-3p,NONHSAG024697,0.0003
NONHSAG026188,hsa-miR-129-2-3p,NONHSAG024697,0.0003
PPIA,hsa-mir-99a,RP11-149I2.5,0.0003
RCHY1,hsa-miR-4306,CASC5,0.0003
RP11-216B9.6,hsa-miR-214-5p,NONHSAG035203,0.0003
PTPN1,DOID:2978,CLPS,0.0002
RP11-159D12.9,hsa-miR-146a-3p,HNRNPA2B1,0.0002
TLR2,DOID:3342,NCOA3,0.0002
NONHSAG008664,hsa-miR-4735-5p,FARSBP1,0.0002
SH2D3C,DOID:934,CTSL,0.0002
NONHSAG008664,hsa-miR-4735-5p,FARSBP1,0.0002
NDUFB5,hsa-mir-20b-3p,OLIG1,0.0002
PSMD8,hsa-mir-148b,NUDT17,0.0002
CEP83,DOID:18,TRAF3IP1,0.0002
S100A13,hsa-miR-1249-3p,PHB,0.0002
DOID:1398,TLR4,ICD10:K053,0.0002
ICD10:K319,ERBB2,DOID:0060074,0.0002
ICD10:G7,POGLUT1,ICD10:L81,0.0002
ICD10:J30,HLA-DRB1,ICD10:M350,0.0002
ELOVL4,ICD10:H359,KIAA1549,0.0002
NEAT1,hsa-miR-502-5p,SACM1L,0.0002
DCAF7,hsa-mir-301a-3p,NONHSAG051321,0.0002
AGRN,ICD10:E,SDHA,0.0002
ICD10:G47,INS,DOID:10591,0.0002
DOID:16,MC1R,ICD10:C44,0.0002
DOID:1398,TLR4,ICD10:K053,0.0002
AP000357.4,hsa-miR-493-5p,NONHSAG044598,0.0002
MBNL1,hsa-miR-431-5p,MIR371B,0.0002
teratocarcinoma,hsa-miR-124a,Cerebellar neurodegeneration,0.0002
ORAI3,DOID:612,GPR35,0.0002
AP000357.4,hsa-miR-493-5p,NONHSAG044598,0.0002
RUFY2,hsa-miR-200b-5p,RP5-1172N10.3,0.0002
ABCA1,ICD10:I7,RELB,0.0002
NONHSAG011245,hsa-miR-422a,STARD7,0.0002
hsa-miR-197-3p,XIST,hsa-mir-4508,0.0002
ICD10:G7,POGLUT1,ICD10:L81,0.0002
SERPINI1,hsa-miR-655-3p,NONHSAG044553,0.0002
RP11-247L20.4,hsa-miR-320d,PCNP,0.0002
DOID:4607,PIK3CA,ICD10:C14,0.0002
DOID:3007,TP53,DOID:1040,0.0002
MRPS18B,hsa-miR-7-2-3p,TAF2,0.0002
APOM,DOID:178,GUCY1A1,0.0002
CSH1,DOID:53,GH2,0.0002
RP11-498C9.12,hsa-miR-346,NONHSAG025034,0.0002
IRS2,ICD10:E66,RPGRIP1L,0.0002
NDUFB5,hsa-mir-20b-3p,OLIG1,0.0002
GDF5,DOID:848,ACAN,0.0002
hsa-miR-511,adrenocortical carcinoma,hsa-miR-503,0.0002
CSNK1E,hsa-mir-122,RP11-248B10.3,0.0002
NONHSAG003508,hsa-miR-192-3p,UTY,0.0002
RP4-584D14.5,hsa-miR-532-3p,NONHSAG013546,0.0002
POU5F1,DOID:4448,RAX2,0.0002
PDGFB,DOID:201,SSX1,0.0002
IRS2,ICD10:E66,RPGRIP1L,0.0002
NDUFB5,hsa-mir-20b-3p,OLIG1,0.0002
ABCA1,ICD10:I7,RELB,0.0002
AGRN,ICD10:E,SDHA,0.0002
RP11-86H7.7,hsa-miR-369-3p,WDR26,0.0002
MS4A1,ICD10:D8,AK2,0.0002
SH2D3C,DOID:934,CTSL,0.0002
ICD10:G3,MT-ND1,DOID:1495,0.0002
POU5F1,DOID:4448,RAX2,0.0002
DCAF7,hsa-mir-301a-3p,NONHSAG051321,0.0002
ETFA,hsa-mir-128,ZFAND6,0.0002
ICD10:J30,HLA-DRB1,ICD10:M350,0.0002
NONHSAG003508,hsa-miR-192-3p,UTY,0.0002
CSNK1E,hsa-mir-122,RP11-248B10.3,0.0002
POU5F1,DOID:4448,RAX2,0.0002
S100A13,hsa-miR-1249-3p,PHB,0.0002
RN7SKP55,hsa-miR-4262,UBE2V1,0.0002
NONHSAG011245,hsa-miR-422a,STARD7,0.0002
CETP,DOID:4448,RAX2,0.0002
hsa-miR-197-3p,XIST,hsa-mir-4508,0.0002
AE000661.37,hsa-miR-6835-3p,NONHSAG052422,0.0002
CETP,DOID:4448,RAX2,0.0002
KIFAP3,hsa-miR-520d-5p,PCMTD1,0.0002
DOID:66,SPEG,DOID:422,0.0002
RP11-498C9.12,hsa-miR-346,NONHSAG025034,0.0002
TLR2,DOID:3342,NCOA3,0.0002
UBE2F,hsa-miR-30d-3p,RP13-270P17.1,0.0001
GOSR2,ICD10:G939,PHF21A,0.0001
RN7SL412P,hsa-mir-193a-3p/193b,NONHSAG017579,0.0001
NDUFA12,hsa-mir-140-3p,RP11-455B3.1,0.0001
FER,ICD10:C8,IDO2,0.0001
KIAA1109,hsa-mir-99a,RP11-149I2.5,0.0001
GABBR2,ICD10:G40,SCN1A,0.0001
FN1,DOID:9120,LACRT,0.0001
FAM160B2,hsa-miR-218-1-3p,NONHSAG007371,0.0001
DOID:7,NPHP1,ICD10:Q615,0.0001
DOID:3323,HEXB,ICD10:E750,0.0001
NONHSAG052929,hsa-miR-145-3p,TMEM116,0.0001
PSME1,hsa-miR-668-3p,RRBP1,0.0001
TECPR2,ICD10:G11,SPART,0.0001
MARS2,ICD10:G969,NOTCH2NLC,0.0001
DOID:14566,CD99L2,DOID:5485,0.0001
PIGU,hsa-mir-320a,NONHSAG043672,0.0001
hsa-miR-192 ,ulcerative colitis (UC),hsa-miR-422b ,0.0001
RP1-92O14.6,hsa-miR-326,GTPBP2,0.0001
miR-BART21,nasopharyngeal carcinoma (NPC),miR-BART22,0.0001
SFTPD,ICD10:J4,WDR36,0.0001
RBM18,hsa-mir-216a-3p,HMGXB4,0.0001
NOTCH1,DOID:3119,LGR5,0.0001
hsa-miR-376b-3p,NUMA1,DOID:0060318,0.0001
KB-1208A12.3,hsa-miR-200a-5p,NONHSAG027755,0.0001
DOID:4961,CD19,ICD10:O72,0.0001
DOID:3323,HEXB,ICD10:E750,0.0001
NOTCH1,DOID:3119,LGR5,0.0001
ICD10:N429,IGF1R,ICD10:M5,0.0001
NONHSAG019270,hsa-miR-1271-3p,CD97,0.0001
MRC1,DOID:77,TNFSF15,0.0001
NONHSAG018460,hsa-miR-874,NONHSAG008994,0.0001
NONHSAG027469,hsa-miR-374b-3p,SMIM14,0.0001
DPH5,hsa-mir-301a-3p,NONHSAG051321,0.0001
MRE11A,hsa-mir-302a-3p,RPL26P20,0.0001
RP1-193H18.2,hsa-miR-1197,ANKRD29,0.0001
miR-BART21,nasopharyngeal carcinoma (NPC),miR-BART22,0.0001
NONHSAG043790,hsa-miR-378d,NONHSAG037334,0.0001
DOID:1542,CDKN2A,ICD10:C10,0.0001
HSD17B13,ICD10:K76,IL23R,0.0001
ASTN2,DOID:0080001,SPP1,0.0001
CSNK2B,ICD10:D48,FOXP2,0.0001
DOID:4961,CD19,ICD10:O72,0.0001
BMP2,ICD10:K59,TNFRSF4,0.0001
DOID:7,NPHP1,ICD10:Q615,0.0001
FBXO41,hsa-miR-876-5p,NDUFB8,0.0001
hsa-miR-187,non-alcoholic fatty liver disease (NAFLD),hsa-miR-154,0.0001
PGD,ICD10:C5,POU5F1B,0.0001
DOID:11338,CD8A,ICD10:J960,0.0001
MECR,hsa-mir-367-3p,CTC-429P9.4,0.0001
SNRPA1,hsa-miR-361-3p,NONHSAG020846,0.0001
NONHSAG034721,hsa-miR-497-3p,RBM5,0.0001
AC004951.6,hsa-miR-3681-3p,RAD54L2,0.0001
ICD10:M10,IL1B,DOID:3770,0.0001
MARS2,ICD10:G969,NOTCH2NLC,0.0001
FAM160B2,hsa-miR-218-1-3p,NONHSAG007371,0.0001
hsa-miR-503,retinoblastoma,hsa-miR-492,0.0001
YIPF5,hsa-miR-200b-5p,TMEM150A,0.0001
NONHSAG019905,hsa-mir-448,MTND1P22,0.0001
DOID:3093,CD68,DOID:0111278,0.0001
GNG5,hsa-miR-526b-3p,NKAPP1,0.0001
GNAS,hsa-miR-214-5p,RP11-216B9.6,0.0001
RP1-193H18.2,hsa-miR-1197,ANKRD29,0.0001
ZNF519,hsa-miR-539-3p,AC104695.3,0.0001
hsa-miR-376b-3p,NUMA1,DOID:0060318,0.0001
UFSP2,hsa-mir-421,GTF2F2,0.0001
ATP12A,ICD10:E14,RBP4,0.0001
RP1-92O14.6,hsa-miR-326,GTPBP2,0.0001
hsa-miR-454-3p,TNFRSF8,ICD10:C844,0.0001
ADA,DOID:589,GCLC,0.0001
PIGU,hsa-mir-320a,NONHSAG043672,0.0001
UFSP2,hsa-mir-421,GTF2F2,0.0001
NONHSAG027469,hsa-miR-374b-3p,SMIM14,0.0001
NONHSAG043790,hsa-miR-378d,NONHSAG037334,0.0001
TGFBI,DOID:0014667,NPC2,0.0001
hsa-miR-454-3p,TNFRSF8,ICD10:C844,0.0001
HSP90B1,hsa-mir-24-1,NONHSAG023101,0.0
PRDX1,ICD10:J,CCL4,0.0
ESYT3,hsa-miR-485-3p,anxiety disorder,0.0
MYH7,DOID:11720,MATR3-2,0.0
CYP27A1,ICD10:H27,LEMD2,0.0
MYCBP,hsa-miR-135b-5p,RP11-729L2.2,0.0
CDK5,hsa-miR-423-5p,RP11-380P13.2,0.0
DOID:0060056,KRAS,DOID:0060233,0.0
NONHSAG004063,hsa-mir-367-3p,RP11-747H7.3,0.0
CARS2,hsa-miR-491-3p,AC132872.1,0.0
CRX,ICD10:H5,ZNF644,0.0
EPSTI1,hsa-mir-216b,C9orf117,0.0
ICD10:N80,PIK3CD,DOID:686,0.0
hsa-miR-652,autism spectrum disorder (ASD),hsa-miR-193b,0.0
AFG3L1P,hsa-miR-877-3p,NONHSAG008148,0.0
RP11-363E6.3,hsa-miR-3064-3p,NONHSAG049875,0.0
TXNRD2,DOID:1067,CYP1B1,0.0
hsa-mir-17/20b/93/51,RP11-374M1.4,hsa-miR-1264,0.0
DOID:2355,RPS27A,DOID:1339,0.0
KRT19,ICD10:C24,KMT2C,0.0
hsa-miR-513c-3p,BCYRN1,hsa-miR-4507,0.0
CCR7,DOID:4483,TMEM189,0.0
MME,ICD10:G13,HINT1,0.0
POGLUT1,ICD10:G7,CHKB,0.0
ANTXR2,DOID:17,CA2,0.0
MTND4P12,hsa-let-7f-5p,NONHSAG018213,0.0
MTND4P12,hsa-let-7f-5p,NONHSAG018213,0.0
POGLUT1,ICD10:G7,CHKB,0.0
TWIST1,ICD10:J984,CHRNA3,0.0
ESYT3,hsa-miR-485-3p,anxiety disorder,0.0
LSS,DOID:421,SOX18,0.0
DOID:12679,GRHPR,DOID:0111671,0.0
GSX2,DOID:480,NUP54,0.0
OFD1P6Y,hsa-miR-106a-3p,LINC00984,0.0
hsa-miR-3926,MALAT1,hsa-miR-4273,0.0
ITGAE,DOID:77,ADH6,0.0
DOID:9266,SLC3A1,ICD10:E729,0.0
SEC61B,DOID:0050770,SEC63,0.0
B3GLCT,DOID:0060673,PITX2,0.0
MOSPD1,hsa-miR-582-3p,NONHSAG049422,0.0
AC010504.2,hsa-miR-214-5p,RP1-234P15.4,0.0
TAF15,hsa-miR-4782-5p,NONHSAG050538,0.0
hsa-miR-33a-3p,CTB-89H12.4,hsa-miR-4452,0.0
NDST3,hsa-let-7d-3p,RHOT1,0.0
hsa-mir-196a-2,FNDC3B,DOID:10124,0.0
ZNF652,hsa-miR-378d,NONHSAG037334,0.0
EZH2,ICD10:C920,BCR,0.0
DOID:0111678,SLC46A1,DOID:0050718,0.0
NONHSAG015896,hsa-miR-369-3p,CTD-2540B15.11,0.0
NUTF2,hsa-miR-146a-3p,HNRNPA2B1,0.0
CTD-2033A16.1,hsa-miR-3139,REPIN1,0.0
NONHSAG027511,hsa-miR-146b-5p,RP13-39P12.3,0.0
NARS1,DOID:936,FBXO28,0.0
TRAP1,hsa-miR-455-3p,SNHG17,0.0
NONHSAG018535,hsa-miR-499a-3p,NONHSAG053782,0.0
SLC6A3,ICD10:F2,HTR2C,0.0
RN7SL770P,hsa-mir-98,NONHSAG024421,0.0
NONHSAG005685,hsa-mir-342-3p,TIMM23,0.0
CCND1,ICD10:C63,SPOP,0.0
SGSH,DOID:655,GATM,0.0
CNPY3,ICD10:G96,CTSF,0.0
TMEM97,ICD10:G96,MEF2C,0.0
RP11-493P1.2,hsa-miR-149-3p,IGDCC4,0.0
hsa-miR-3173-3p,RP11-796E2.4,hsa-miR-4747-5p,0.0
NONHSAG012847,hsa-miR-410-3p,NONHSAG048098,0.0
DOID:12236,CD28,DOID:12603,0.0
WNT9B,DOID:9296,UTP25,0.0
DOID:1247,F8,DOID:12531,0.0
AMACR,ICD10:K831,MYO5B,0.0
ICD10:E703,MC1R,DOID:0060122,0.0
ZFYVE19,hsa-miR-500b,MEPCE,0.0
ICD10:M45,STAT3,ICD10:C55,0.0
ITGAX,ICD10:K52,INPP5D,0.0
NONHSAG031255,hsa-miR-542-3p,AC010677.5,0.0
RP11-579D7.2,hsa-miR-6504-3p,NONHSAG001156,0.0
NPM1,DOID:12603,PAX5,0.0
IGF1,ICD10:E03,TSHR,0.0
GDNF,DOID:5353,DDX53,0.0
DOID:10155,PIK3CG,ICD10:N8,0.0
SRSF3,DOID:7,AGO1,0.0
SMCHD1,DOID:2277,STAG3,0.0
ACAT2,hsa-mir-30c-1,NONHSAG039669,0.0
NPLOC4,hsa-miR-30d-3p,AC004893.11,0.0
TAF4,hsa-mir-216a-3p,NONHSAG052166,0.0
LL22NC03-80A10.6,hsa-miR-7-2-3p,TAF2,0.0
PMPCB,hsa-miR-500b,AC068039.4,0.0
NONHSAG019064,hsa-miR-378d,NONHSAG037334,0.0
NARG2,hsa-mir-27b-3p,RP11-53B2.1,0.0
CARS2,hsa-miR-491-3p,AC132872.1,0.0
GATS,hsa-miR-5688,NONHSAG054710,0.0
NOS3,ICD10:I45,MMEL1,0.0
GDNF,DOID:5353,DDX53,0.0
AC083884.8,hsa-miR-1251,SRP19,0.0
EIF4A1P9,hsa-miR-378h,P2RY11,0.0
RP9,ICD10:H35,FZD4,0.0
LEF1,hsa-miR-455-3p,RP11-110I1.6,0.0
CTBP2,ICD10:N4,SEPTIN12,0.0
NONHSAG008515,hsa-miR-190a,DUSP11,0.0
CTD-2270L9.5,hsa-miR-520e,NONHSAG023012,0.0
DOID:9993,ABCC8,ICD10:E161,0.0
ICD10:F,HTT,ICD10:G92,0.0
hsa-miR-221-3p,PLOD2,DOID:2256,0.0
TEX261,hsa-miR-371a-3p,RP4-561L24.3,0.0
DOID:3973,APOA4,ICD10:I7,0.0
NOS3,ICD10:I45,MMEL1,0.0
NUDT1,hsa-miR-365b-3p,AHSA1,0.0
hsa-miR-196a-2,breast cancer,hsa-miR-510,0.0
NONHSAG011425,hsa-miR-33b-3p,NONHSAG009074,0.0
RP9,ICD10:H35,FZD4,0.0
NDST3,hsa-let-7d-3p,RHOT1,0.0
SF3A3,hsa-miR-129-5p,RP11-677M14.7,0.0
MED15,hsa-miR-130b-3p,ID2,0.0
hsa-miR-3622b-3p,RP11-160E2.6,hsa-miR-4734,0.0
FBXO5,hsa-mir-200c-3p,FAM211A,0.0
MDH1,hsa-mir-34c-5p,LOC100129550,0.0
FRA10AC1,hsa-miR-384,NONHSAG054636,0.0
H3-2,DOID:193,PRKCI,0.0
NDUFAF2,DOID:0060536,NDUFAF5,0.0
DOID:4074,TGFB1,DOID:3069,0.0
MCIDAS,DOID:225,LMOD1,0.0
NONHSAG022113,hsa-let-7f-5p,NONHSAG018213,0.0
SMAD4,DOID:3463,TOX3,0.0
ICD10:C1,PIK3CA,ICD10:C14,0.0
NONHSAG008994,hsa-miR-874,GPS1,0.0
DAOA,DOID:5419,DTNBP1,0.0
LMX1B,ICD10:G96,CTSF,0.0
NONHSAG011425,hsa-miR-33b-3p,NONHSAG009074,0.0
DOID:2394,EGFR,ICD10:C06,0.0
CTB-60B18.10,hsa-miR-212-5p,PRR7-AS1,0.0
ARF4,hsa-miR-217,COPA,0.0
ULBP3,ICD10:L6,HSPA1B,0.0
ICD10:M06,IL2RA,ICD10:L8,0.0
ITGAE,DOID:77,ADH6,0.0
DPY19L3,hsa-let-7b-5p,RP11-253E3.3,0.0
NONHSAG008994,hsa-miR-874,GPS1,0.0
C19orf55,hsa-let-7d-3p,RHOT1,0.0
RPE65,ICD10:H35,FZD4,0.0
TLR7,DOID:16,CD151,0.0
RP1-239B22.5,hsa-mir-301a-3p,NONHSAG055328,0.0
TWIST1,ICD10:J984,CHRNA3,0.0
CASD1,hsa-mir-448,MTND1P22,0.0
AC009237.8,hsa-miR-486-3p,NONHSAG035915,0.0
RN7SL770P,hsa-mir-98,NONHSAG024421,0.0
PARVB,ICD10:E9,PTPRN2,0.0
AC004490.1,hsa-miR-212-5p,RP11-8L18.3,0.0
ENTPD6,hsa-miR-1306-3p,IL20RB-AS1,0.0
ITGA6,ICD10:L2,TGM5,0.0
RECK,DOID:162,NSD3,0.0
SEC24D,DOID:0080006,FLNB,0.0
POGLUT1,ICD10:G7,CHKB,0.0
GLB1,ICD10:E756,UCP1,0.0
CTBP2,ICD10:N4,SEPTIN12,0.0
NONHSAG050957,hsa-mir-652-3p,COPS6,0.0
SRSF3,DOID:7,AGO1,0.0
B3GLCT,DOID:0060673,PITX2,0.0
hsa-miR-135a2,WWP1,DOID:0080191,0.0
SNAI1,ICD10:L27,KIF3A,0.0
KB-1732A1.1,hsa-mir-106b-3p,RP11-626G11.3,0.0
hsa-miR-4667-3p,RP11-177A2.4,hsa-miR-548v,0.0
NPLOC4,hsa-miR-30d-3p,AC004893.11,0.0
AC005539.2,hsa-mir-216a-3p,MRPS27,0.0
CCND1,ICD10:C63,SPOP,0.0
NONHSAG026205,hsa-miR-382-5p,ATXN2,0.0
HSP90B1,hsa-mir-24-1,NONHSAG023101,0.0
ICD10:I06,PLG,DOID:4079,0.0
ESYT3,hsa-miR-485-3p,anxiety disorder,0.0
KCNJ11,ICD10:E14,RBP4,0.0
RNF213,hsa-miR-155-3p,LINC00630,0.0
RNF213,hsa-miR-155-3p,LINC00630,0.0
ITGA7,DOID:423,TRIM63,0.0
OFD1P6Y,hsa-miR-106a-3p,LINC00984,0.0
EXT2,DOID:205,SQSTM1,0.0
POGLUT1,ICD10:G7,CHKB,0.0
FGF17,DOID:1909,GNA11,0.0
DOID:4138,TP53,DOID:2871,0.0
SIX5,DOID:18,CEP83,0.0
TMEM97,ICD10:G96,MEF2C,0.0
STXBP1,DOID:1826,TP53RK,0.0
DOID:0050748,BCL6,ICD10:J0,0.0
TEX261,hsa-miR-371a-3p,RP4-561L24.3,0.0
DOID:0111678,SLC46A1,DOID:0050718,0.0
RP1-239B22.5,hsa-mir-301a-3p,NONHSAG055328,0.0
MOG,DOID:3324,ZNF804A,0.0
NONHSAG006134,hsa-miR-543,MCTP1,0.0
POLD2,hsa-mir-34c-5p,LOC100129550,0.0
NONHSAG013221,hsa-miR-129-2-3p,RP4-794H19.1,0.0
ICD10:M893,TNFRSF11B,DOID:10159,0.0
NONHSAG011674,hsa-mir-128,42068,0.0
TRIM25,hsa-mir-10b-3p,NMRAL1,0.0
EARS2,hsa-miR-330-3p,UBE2Q1,0.0
hsa-miR-302a,malignant melanoma,hsa-miR-144,0.0
NONHSAG003951,hsa-miR-18a-3p,XYLT2,0.0
IL21R,DOID:77,UGT1A4,0.0
ITGA6,ICD10:L2,TGM5,0.0
PLG,ICD10:I06,ELN,0.0
NONHSAG035395,hsa-miR-300,PPP1R3E,0.0
CTD-2270L9.5,hsa-miR-520e,NONHSAG023012,0.0
NDUFV2,ICD10:G31,NDUFS1,0.0
IFNLR1,DOID:8893,IL12RB2,0.0
RAB39B,ICD10:G2,SYNJ1,0.0
NONHSAG048887,hsa-miR-190a,NONHSAG038602,0.0
CTA-445C9.14,hsa-mir-10a-3p,TRAPPC12,0.0
AC068282.3,hsa-miR-106a-3p,LINC00984,0.0
hsa-miR-124a-2,hepatocellular carcinoma (HCC),hsa-miR-103-2,0.0
GFM1,DOID:700,TSFM,0.0
DNMT3A,DOID:0060037,CYP2D6,0.0
TMTC4,ICD10:H,ROM1,0.0
AC083884.8,hsa-miR-1251,SRP19,0.0
DOID:4194,EDN1,DOID:6000,0.0
DOID:14118,APOC2,DOID:9455,0.0
TPD52L1,hsa-mir-200c-3p,FAM211A,0.0
ZC3H11A,hsa-miR-486-3p,LSS,0.0
MRPL21,hsa-miR-125b-5p,SYVN1,0.0
CTC-295J13.3,hsa-miR-149-3p,XXbac-B444P24.8,0.0
CTSV,hsa-miR-4770,BRI3,0.0
RAB2A,hsa-mir-19b-1-5p,ERI3-IT1,0.0
hsa-miR-513c-3p,BCYRN1,hsa-miR-4507,0.0
RPL26P30,hsa-mir-223-3p,AC005224.2,0.0
hsa-miR-4690-3p,RP11-805I24.1,hsa-miR-2392,0.0
hsa-miR-26a-2-3p,BCYRN1,hsa-miR-6127,0.0
DOID:850,CCL3,DOID:8469,0.0
SRP19,hsa-miR-1251,LINC00692,0.0
EEF2,hsa-miR-501-3p,NONHSAG026692,0.0
SCARB1,DOID:654,ADIPOR2,0.0
NONHSAG027855,hsa-mir-137,SIM2,0.0
MIR181A2HG,hsa-miR-520e,RP11-355O1.11,0.0
RP11-348J24.2,hsa-mir-20a/106b,NONHSAG018073,0.0
DOID:2742,SERAC1,DOID:0060159,0.0
DOID:1612,PGR,DOID:345,0.0
NONHSAG050726,hsa-miR-381-3p,EIF3D,0.0
RHOU,hsa-miR-6504-3p,NONHSAG001156,0.0
hsa-miR-9-2,hepatocellular carcinoma (HCC),hsa-miR-125b-1,0.0
DOID:10155,PIK3CG,ICD10:N8,0.0
CTD-2651B20.7,hsa-miR-6893-3p,CTB-50L17.5,0.0
SLC25A12,hsa-miR-211-3p,GORASP2,0.0
HPS5,ICD10:E703,MC1R,0.0
RP11-434D2.9,hsa-miR-149-3p,BCAT2,0.0
NONHSAG024860,hsa-miR-23a-3p,RP11-160H22.5,0.0
HSP90AB1,DOID:612,ORAI3,0.0
PPP2R5E,hsa-let-7c,RP11-443N24.2,0.0
RP11-90P5.2,hsa-miR-892c-3p,NONHSAG050865,0.0
AC009120.6,hsa-miR-33a-3p,RP5-1129J21.3,0.0
hsa-miR-548b-3p,RP11-469M7.1,hsa-miR-4459,0.0
DOID:0080006,ASXL1,ICD10:D473,0.0
hsa-miR-104,malignant melanoma,hsa-miR-144,0.0
GRIN1,ICD10:F,GABBR1,0.0
NONHSAG008994,hsa-miR-874,GPS1,0.0
DPY19L3,hsa-let-7b-5p,RP11-253E3.3,0.0
MAP7D1,hsa-mir-210,CTD-2047H16.4,0.0
LETM1,ICD10:G969,NOTCH2NLC,0.0
CTD-2033A16.1,hsa-miR-3139,REPIN1,0.0
DOID:3973,APOA4,ICD10:I7,0.0
DAZAP1,hsa-miR-3139,RP11-96K19.4,0.0
ICD10:C26,IL6,DOID:615,0.0
ATP13A3,hsa-miR-218-1-3p,NONHSAG007371,0.0
C3orf14,hsa-miR-369-3p,MIR3654,0.0
DOID:0050908,JAK2,ICD10:O7,0.0
ATP6AP1,ICD10:E88,ECHS1,0.0
SULF1,hsa-miR-502-5p,NONHSAG037390,0.0
GATS,hsa-miR-5688,NONHSAG054710,0.0
ICD10:E35,DMRT1,DOID:5557,0.0
KAT5,hsa-let-7a-2,ETFDH,0.0
TPP2,hsa-mir-19a/19b,DBF4,0.0
NONHSAG038212,miR-489,CHMP1B,0.0
ICD10:C44,MC1R,DOID:0060122,0.0
KIF23,DOID:2355,RPS27A,0.0
ICD10:J09,FURIN,DOID:8469,0.0
NONHSAG026205,hsa-miR-382-5p,ATXN2,0.0
ICD10:F51,LEP,ICD10:O24,0.0
NQO1,ICD10:D48,SLC39A7,0.0
IL23A,DOID:848,GDF5,0.0
RN7SL770P,hsa-mir-98,NONHSAG024421,0.0
NONHSAG026205,hsa-miR-382-5p,ATXN2,0.0
hsa-miR-652,autism spectrum disorder (ASD),hsa-miR-193b,0.0
NONHSAG001041,hsa-miR-16-1-3p,RPS13,0.0
DOID:0050563,MYH9,ICD10:O7,0.0
PHF20L1,hsa-mir-301a-3p,NONHSAG055328,0.0
MCCC1,DOID:655,NDUFA1,0.0
DLEC1,ICD10:J984,CHRNA3,0.0
ICD10:I06,PLG,DOID:4079,0.0
C12orf57,DOID:863,AP5Z1,0.0
NONHSAG003372,hsa-miR-381-3p,EIF3D,0.0
JTB,hsa-miR-296-3p,LARP4B,0.0
NONHSAG019064,hsa-miR-378d,NONHSAG037334,0.0
FLNA,hsa-miR-199a-5p,PUF60,0.0
UGT2B7,DOID:2739,SLC35A2,0.0
RP11-76C10.5,hsa-miR-195-3p,ARFRP1,0.0
HSP90B1,hsa-mir-24-1,NONHSAG023101,0.0
NONHSAG053057,hsa-miR-655-3p,NONHSAG044553,0.0
TMTC4,ICD10:H,ROM1,0.0
H6PD,hsa-miR-129-2-3p,NONHSAG013221,0.0
EPSTI1,hsa-mir-216b,C9orf117,0.0
NONHSAG006086,hsa-miR-155-3p,HDHD2,0.0
ICD10:I06,PLG,DOID:4079,0.0
RP11-119K6.6,hsa-miR-106a-3p,RP11-48O20.4,0.0
DOID:3312,SLC6A4,DOID:591,0.0
POLD2,hsa-mir-34c-5p,LOC100129550,0.0
ICD10:M1,PDE4A,DOID:3083,0.0
NONHSAG035715,hsa-mir-19a/19b,CCNK,0.0
NONHSAG014968,hsa-miR-196b-3p,NONHSAG034359,0.0
ICD10:F6,DRD2,DOID:0050741,0.0
AC068282.3,hsa-miR-106a-3p,LINC00984,0.0
TAF15,hsa-miR-4782-5p,NONHSAG050538,0.0
WNT9B,DOID:9296,UTP25,0.0
hsa-miR-32*,Malignant mesothelioma (MM),hsa-miR-144*,0.0
hsa-miR-342-3p,neurodegeneration,hsa-miR-139-5p,0.0
hsa-miR-9-2,hepatocellular carcinoma (HCC),hsa-miR-125b-1,0.0
PHYKPL,hsa-miR-3184-3p,NONHSAG003041,0.0
AC018633.4,hsa-mir-31-5p,CHD8,0.0
KCNE3,DOID:114,P2RY12,0.0
NONHSAG003590,hsa-miR-4782-5p,NONHSAG051640,0.0
CDK1,DOID:0050615,RIT1,0.0
ITGA7,DOID:423,TRIM63,0.0
MAP3K1,hsa-miR-590-3p,RNF185,0.0
ICD10:C9,TAL1,DOID:5603,0.0
FASTK,hsa-miR-1271-3p,NONHSAG043482,0.0
SMAD2,DOID:10283,MSMB,0.0
MRPL46,hsa-mir-181d,IGFBP7,0.0
hsa-mir-193a-3p/193b,EYA1,DOID:14702,0.0
CASP9,ICD10:K769,IFNA13,0.0
POLD2,hsa-mir-34c-5p,LOC100129550,0.0
FAM167A,ICD10:M13,DOT1L,0.0
DOID:784,IL6,DOID:615,0.0
CTD-2651B20.7,hsa-miR-6893-3p,CTB-50L17.5,0.0
LETM1,ICD10:G969,NOTCH2NLC,0.0
hsa-miR-379-3p,SNHG5,miR-489-3p,0.0
ICD10:E72,ETFB,DOID:0060358,0.0
SEC24D,DOID:0080006,FLNB,0.0
GPSM2,DOID:2742,TSPEAR,0.0
CC2D2A,DOID:0050155,CRYBA1,0.0
NONHSAG031255,hsa-miR-542-3p,AC010677.5,0.0
NAPSA,DOID:299,SYP,0.0
MFN2,hsa-mir-34a-3p,RP11-274B21.2,0.0
NONHSAG025339,hsa-miR-655-3p,NONHSAG044553,0.0
GFM1,DOID:700,TSFM,0.0
GSX2,DOID:480,NUP54,0.0
GLIS2,DOID:12712,SDCCAG8,0.0
LA16c-321D4.2,hsa-miR-335-3p,PARL,0.0
LIMD2,hsa-miR-6893-3p,CTB-50L17.5,0.0
RPL23AP2,hsa-miR-182-3p,RP11-170L3.8,0.0
B4GAT1,DOID:0050453,TUBB2B,0.0
LINC00958,hsa-miR-190b,NUSAP1,0.0
STAT5B,ICD10:K599,REG4,0.0
NONHSAG009722,hsa-miR-4644,RP11-4F5.2,0.0
ICD10:D3,RET,ICD10:D0,0.0
IDO1,DOID:612,GPR35,0.0
ZIC4,DOID:2786,PNKP,0.0
DOID:2355,RPS27A,DOID:1339,0.0
NONHSAG025339,hsa-miR-655-3p,NONHSAG044553,0.0
DOID:4074,TGFB1,DOID:3069,0.0
MATN1-AS1,hsa-miR-217,LILRB1,0.0
LINC00958,hsa-miR-190b,NUSAP1,0.0
IGHMBP2,ICD10:G13,RFC1,0.0
NARS1,DOID:936,FBXO28,0.0
CAPN1,ICD10:G82,NT5C2,0.0
ZC3H11A,hsa-miR-486-3p,LSS,0.0
MME,ICD10:G13,HINT1,0.0
MTIF3,hsa-miR-3139,CTD-2033A16.1,0.0
SMAD4,DOID:3463,TOX3,0.0
TNFRSF8,hsa-miR-454-3p,RAI14,0.0
SNRNP70,hsa-miR-502-5p,SACM1L,0.0
MRPL21,hsa-miR-125b-5p,SYVN1,0.0
hsa-miR-3173-3p,RP11-796E2.4,hsa-miR-4747-5p,0.0
WNT1,ICD10:C,AFDN,0.0
PEX7,ICD10:H35,FZD4,0.0
DOID:4674,AR,ICD10:Q5,0.0
PARVB,ICD10:E9,PTPRN2,0.0
NONHSAG003862,hsa-miR-708-3p,NONHSAG032255,0.0
CD1E,ICD10:C,IFNA5,0.0
CNPY3,ICD10:G96,CTSF,0.0
MTMR11,hsa-mir-15a/15b/16/1,ANAPC10,0.0
NUMBL,hsa-miR-409-5p,TACO1,0.0
NONHSAG010542,hsa-mir-148b,NUDT17,0.0
ESYT3,hsa-miR-485-3p,anxiety disorder,0.0
CHRNA3,DOID:9973,CHRNA6,0.0
NDUFAF2,DOID:0060536,NDUFAF5,0.0
AC018633.4,hsa-mir-31-5p,CHD8,0.0
WDR6,hsa-miR-378e,AQR,0.0
ICD10:C22,AFP,ICD10:I81,0.0
DOID:0060116,AKT1,DOID:3910,0.0
B3GLCT,DOID:0060673,PITX2,0.0
ICD10:K,MMP20,ICD10:K039,0.0
GNS,DOID:3211,CLN8,0.0
ICD10:E90,SLC19A2,DOID:0090117,0.0
QDPR,ICD10:E8,GALNS,0.0
hsa-miR-6893-3p,F3,DOID:2218,0.0
SACM1L,hsa-miR-502-5p,NONHSAG037390,0.0
CCNL2,hsa-miR-370,MLX,0.0
NUDT1,hsa-miR-365b-3p,AHSA1,0.0
DNAH8,ICD10:E83,ATOX1,0.0
ARIH1,hsa-miR-499a-3p,NONHSAG053782,0.0
CSRP1,hsa-miR-423-5p,RP11-875O11.1,0.0
RP11-371I1.2,hsa-miR-423-5p,NONHSAG017420,0.0
UGT2B7,DOID:2739,SLC35A2,0.0
NONHSAG052449,hsa-miR-362-5p,NONHSAG028808,0.0
DOID:0060262,UGT1A10,DOID:2382,0.0
LOC100130987,hsa-mir-331-3p,RP4-583P15.10,0.0
DOID:3905,BRCA2,DOID:8029,0.0
NONHSAG025186,hsa-miR-378h,P2RY11,0.0
GCH1,DOID:14330,YWHAZ,0.0
HPS5,ICD10:E703,MC1R,0.0
WDR1,ICD10:M,ABCG2,0.0
STRA13,hsa-miR-199b-5p,SF3B14,0.0
DOID:349,KIT,DOID:3192,0.0
SLX4,DOID:0080015,PNPLA1,0.0
NONHSAG051336,hsa-miR-18a-3p,XYLT2,0.0
ICD10:G939,STXBP1,DOID:0050562,0.0
ARMS2,DOID:10871,FILIP1L,0.0
EIF2S1,hsa-miR-371a-3p,RP4-561L24.3,0.0
STK38,ICD10:root,CHRNA2,0.0
NONHSAG051336,hsa-miR-18a-3p,XYLT2,0.0
ICD10:I73,ACVRL1,DOID:341,0.0
NONHSAG039669,hsa-mir-30c-1,MPHOSPH8,0.0
MAP3K1,hsa-miR-590-3p,RNF185,0.0
KB-1732A1.1,hsa-mir-106b-3p,RP11-626G11.3,0.0
MATR3-2,DOID:11720,MYH7,0.0
RP9,ICD10:H35,FZD4,0.0
NONHSAG001041,hsa-miR-16-1-3p,RPS13,0.0
ICD10:E78,PPARG,DOID:11716,0.0
DOID:0060083,MYB,DOID:0080202,0.0
DOID:3068,PTEN,ICD10:Q85,0.0
DOID:11252,TMPRSS6,ICD10:D5,0.0
NONHSAG025339,hsa-miR-655-3p,NONHSAG044553,0.0
NONHSAG006134,hsa-miR-543,MCTP1,0.0
SLC35F5,hsa-miR-200b-5p,TMEM150A,0.0
PFKFB2,miR-489,CHMP1B,0.0
ALG13,hsa-mir-222,LOC374443,0.0
EZH2,ICD10:C920,BCR,0.0
HARS,hsa-let-7g-5p,CTB-113P19.4,0.0
NONHSAG037985,hsa-miR-382-5p,ATXN2,0.0
CRYBB2,ICD10:H269,MIP,0.0
FLNA,hsa-miR-199a-5p,PUF60,0.0
RP9,ICD10:H35,FZD4,0.0
hsa-miR-342-3p,neurodegeneration,hsa-miR-139-5p,0.0
NARS1,DOID:936,FBXO28,0.0
LMX1B,ICD10:G96,CTSF,0.0
IRAK4,hsa-miR-375,C12orf29,0.0
GDF15,ICD10:I519,MYL2,0.0
MTTP,DOID:3211,CLN8,0.0
PROZ,hsa-miR-182-3p,RP11-170L3.8,0.0
KLRB1,DOID:417,IL22RA1,0.0
hsa-miR-19b-2,T-cell leukemia,hsa-miR-20b,0.0
ICD10:C25,CDH2,DOID:684,0.0
STT3B,hsa-mir-194-2,BBS9,0.0
COL6A1,ICD10:G71,SGCB,0.0
NONHSAG053377,hsa-miR-188-3p,RP11-356I2.4,0.0
hsa-miR-584,Malignant mesothelioma (MM),hsa-miR-144*,0.0
C2orf72,hsa-mir-324-3p,NONHSAG051650,0.0
KB-1608C10.2,hsa-mir-652-3p,CCT2,0.0
NPM1,DOID:12603,PAX5,0.0
ITGA7,DOID:423,TRIM63,0.0
NONHSAG043930,hsa-miR-378h,EIF4A1P9,0.0
NONHSAG048962,hsa-mir-99a,RP11-149I2.5,0.0
DPYD,ICD10:E8,COQ8B,0.0
